TVL,Historical_APY,Volatility,Audit_Passed,Liquidity_Score,Chain_Score
100000.0,0.02,0.01,0,0.0,0.5
100400.4004004004,0.02028028028028028,0.01014014014014014,1,0.001001001001001001,0.5005005005005005
100800.8008008008,0.020560560560560562,0.010280280280280281,0,0.002002002002002002,0.501001001001001
101201.2012012012,0.02084084084084084,0.01042042042042042,1,0.003003003003003003,0.5015015015015015
101601.60160160161,0.02112112112112112,0.01056056056056056,0,0.004004004004004004,0.502002002002002
102002.002002002,0.021401401401401402,0.010700700700700701,1,0.005005005005005005,0.5025025025025025
102402.4024024024,0.02168168168168168,0.01084084084084084,0,0.006006006006006006,0.503003003003003
102802.8028028028,0.021961961961961964,0.010980980980980982,1,0.007007007007007007,0.5035035035035035
103203.2032032032,0.022242242242242243,0.011121121121121121,0,0.008008008008008008,0.504004004004004
103603.60360360361,0.02252252252252252,0.01126126126126126,1,0.009009009009009009,0.5045045045045045
104004.004004004,0.022802802802802804,0.011401401401401402,0,0.01001001001001001,0.505005005005005
104404.4044044044,0.023083083083083083,0.011541541541541541,1,0.011011011011011011,0.5055055055055055
104804.80480480481,0.023363363363363365,0.011681681681681683,0,0.012012012012012012,0.506006006006006
105205.2052052052,0.023643643643643644,0.011821821821821822,1,0.013013013013013013,0.5065065065065065
105605.60560560561,0.023923923923923923,0.011961961961961962,0,0.014014014014014014,0.507007007007007
106006.006006006,0.024204204204204202,0.012102102102102101,1,0.015015015015015015,0.5075075075075075
106406.4064064064,0.024484484484484485,0.012242242242242242,0,0.016016016016016016,0.508008008008008
106806.80680680681,0.024764764764764767,0.012382382382382384,1,0.017017017017017015,0.5085085085085085
107207.2072072072,0.025045045045045046,0.012522522522522523,0,0.018018018018018018,0.509009009009009
107607.60760760761,0.025325325325325325,0.012662662662662662,1,0.01901901901901902,0.5095095095095095
108008.00800800801,0.025605605605605604,0.012802802802802802,0,0.02002002002002002,0.51001001001001
108408.4084084084,0.025885885885885886,0.012942942942942943,1,0.02102102102102102,0.5105105105105106
108808.80880880881,0.026166166166166165,0.013083083083083083,0,0.022022022022022022,0.511011011011011
109209.2092092092,0.026446446446446448,0.013223223223223224,1,0.023023023023023025,0.5115115115115115
109609.60960960962,0.026726726726726727,0.013363363363363363,0,0.024024024024024024,0.512012012012012
110010.01001001001,0.027007007007007006,0.013503503503503503,1,0.025025025025025023,0.5125125125125125
110410.4104104104,0.027287287287287288,0.013643643643643644,0,0.026026026026026026,0.513013013013013
110810.81081081081,0.027567567567567567,0.013783783783783784,1,0.02702702702702703,0.5135135135135135
111211.21121121121,0.02784784784784785,0.013923923923923925,0,0.028028028028028028,0.514014014014014
111611.61161161162,0.02812812812812813,0.014064064064064064,1,0.029029029029029027,0.5145145145145145
112012.01201201201,0.028408408408408407,0.014204204204204204,0,0.03003003003003003,0.515015015015015
112412.4124124124,0.028688688688688686,0.014344344344344343,1,0.031031031031031032,0.5155155155155156
112812.81281281282,0.02896896896896897,0.014484484484484484,0,0.03203203203203203,0.516016016016016
113213.21321321321,0.02924924924924925,0.014624624624624626,1,0.03303303303303303,0.5165165165165165
113613.61361361362,0.02952952952952953,0.014764764764764765,0,0.03403403403403403,0.517017017017017
114014.01401401401,0.02980980980980981,0.014904904904904905,1,0.035035035035035036,0.5175175175175175
114414.41441441441,0.030090090090090088,0.015045045045045044,0,0.036036036036036036,0.5180180180180181
114814.81481481482,0.03037037037037037,0.015185185185185185,1,0.037037037037037035,0.5185185185185185
115215.21521521521,0.03065065065065065,0.015325325325325325,0,0.03803803803803804,0.519019019019019
115615.61561561562,0.030930930930930932,0.015465465465465466,1,0.03903903903903904,0.5195195195195195
116016.01601601602,0.03121121121121121,0.015605605605605605,0,0.04004004004004004,0.52002002002002
116416.41641641641,0.03149149149149149,0.015745745745745745,1,0.04104104104104104,0.5205205205205206
116816.81681681682,0.031771771771771776,0.015885885885885888,0,0.04204204204204204,0.521021021021021
117217.21721721721,0.032052052052052055,0.016026026026026027,1,0.043043043043043044,0.5215215215215215
117617.61761761762,0.032332332332332334,0.016166166166166167,0,0.044044044044044044,0.522022022022022
118018.01801801802,0.03261261261261261,0.016306306306306306,1,0.04504504504504504,0.5225225225225225
118418.41841841841,0.03289289289289289,0.016446446446446446,0,0.04604604604604605,0.5230230230230231
118818.81881881882,0.03317317317317317,0.016586586586586585,1,0.04704704704704705,0.5235235235235235
119219.21921921922,0.03345345345345345,0.016726726726726725,0,0.04804804804804805,0.524024024024024
119619.61961961963,0.033733733733733735,0.016866866866866868,1,0.04904904904904905,0.5245245245245245
120020.02002002002,0.034014014014014014,0.017007007007007007,0,0.050050050050050046,0.525025025025025
120420.42042042041,0.03429429429429429,0.017147147147147147,1,0.05105105105105105,0.5255255255255256
120820.82082082082,0.03457457457457457,0.017287287287287286,0,0.05205205205205205,0.526026026026026
121221.22122122122,0.03485485485485486,0.01742742742742743,1,0.05305305305305305,0.5265265265265265
121621.62162162163,0.03513513513513514,0.01756756756756757,0,0.05405405405405406,0.527027027027027
122022.02202202202,0.035415415415415416,0.017707707707707708,1,0.055055055055055056,0.5275275275275275
122422.42242242242,0.035695695695695695,0.017847847847847848,0,0.056056056056056056,0.5280280280280281
122822.82282282283,0.035975975975975974,0.017987987987987987,1,0.057057057057057055,0.5285285285285285
123223.22322322322,0.03625625625625625,0.018128128128128126,0,0.058058058058058054,0.529029029029029
123623.62362362363,0.03653653653653653,0.018268268268268266,1,0.05905905905905906,0.5295295295295295
124024.02402402402,0.03681681681681681,0.018408408408408405,0,0.06006006006006006,0.53003003003003
124424.42442442442,0.0370970970970971,0.01854854854854855,1,0.06106106106106106,0.5305305305305306
124824.82482482483,0.037377377377377376,0.018688688688688688,0,0.062062062062062065,0.531031031031031
125225.22522522522,0.03765765765765766,0.01882882882882883,1,0.06306306306306306,0.5315315315315315
125625.62562562563,0.03793793793793794,0.01896896896896897,0,0.06406406406406406,0.532032032032032
126026.02602602603,0.03821821821821822,0.01910910910910911,1,0.06506506506506507,0.5325325325325325
126426.42642642642,0.0384984984984985,0.01924924924924925,0,0.06606606606606606,0.5330330330330331
126826.82682682683,0.03877877877877878,0.01938938938938939,1,0.06706706706706707,0.5335335335335335
127227.22722722722,0.039059059059059056,0.019529529529529528,0,0.06806806806806806,0.534034034034034
127627.62762762763,0.039339339339339335,0.019669669669669668,1,0.06906906906906907,0.5345345345345345
128028.02802802803,0.039619619619619614,0.019809809809809807,0,0.07007007007007007,0.535035035035035
128428.42842842842,0.0398998998998999,0.01994994994994995,1,0.07107107107107107,0.5355355355355356
128828.82882882883,0.04018018018018018,0.02009009009009009,0,0.07207207207207207,0.536036036036036
129229.22922922923,0.04046046046046046,0.02023023023023023,1,0.07307307307307308,0.5365365365365365
129629.62962962964,0.040740740740740744,0.020370370370370372,0,0.07407407407407407,0.537037037037037
130030.03003003003,0.04102102102102102,0.02051051051051051,1,0.07507507507507508,0.5375375375375375
130430.43043043042,0.0413013013013013,0.02065065065065065,0,0.07607607607607608,0.5380380380380381
130830.83083083083,0.04158158158158158,0.02079079079079079,1,0.07707707707707707,0.5385385385385385
131231.23123123124,0.04186186186186186,0.02093093093093093,0,0.07807807807807808,0.539039039039039
131631.63163163164,0.04214214214214214,0.02107107107107107,1,0.07907907907907907,0.5395395395395395
132032.03203203203,0.04242242242242242,0.02121121121121121,0,0.08008008008008008,0.54004004004004
132432.43243243243,0.0427027027027027,0.02135135135135135,1,0.08108108108108109,0.5405405405405406
132832.83283283282,0.04298298298298298,0.02149149149149149,0,0.08208208208208208,0.541041041041041
133233.23323323324,0.04326326326326326,0.02163163163163163,1,0.08308308308308308,0.5415415415415415
133633.63363363364,0.04354354354354355,0.021771771771771774,0,0.08408408408408408,0.542042042042042
134034.03403403403,0.043823823823823826,0.021911911911911913,1,0.08508508508508508,0.5425425425425425
134434.43443443443,0.044104104104104105,0.022052052052052053,0,0.08608608608608609,0.5430430430430431
134834.83483483485,0.044384384384384384,0.022192192192192192,1,0.08708708708708708,0.5435435435435435
135235.23523523525,0.04466466466466466,0.02233233233233233,0,0.08808808808808809,0.544044044044044
135635.63563563564,0.04494494494494494,0.02247247247247247,1,0.0890890890890891,0.5445445445445446
136036.03603603604,0.04522522522522522,0.02261261261261261,0,0.09009009009009009,0.545045045045045
136436.43643643643,0.0455055055055055,0.02275275275275275,1,0.09109109109109109,0.5455455455455456
136836.83683683682,0.04578578578578578,0.02289289289289289,0,0.0920920920920921,0.546046046046046
137237.23723723725,0.046066066066066065,0.023033033033033033,1,0.09309309309309309,0.5465465465465466
137637.63763763764,0.046346346346346344,0.023173173173173172,0,0.0940940940940941,0.5470470470470471
138038.03803803804,0.04662662662662663,0.023313313313313315,1,0.09509509509509509,0.5475475475475475
138438.43843843843,0.04690690690690691,0.023453453453453454,0,0.0960960960960961,0.5480480480480481
138838.83883883886,0.04718718718718719,0.023593593593593594,1,0.0970970970970971,0.5485485485485485
139239.23923923925,0.04746746746746747,0.023733733733733733,0,0.0980980980980981,0.549049049049049
139639.63963963964,0.047747747747747746,0.023873873873873873,1,0.0990990990990991,0.5495495495495496
140040.04004004004,0.048028028028028025,0.024014014014014012,0,0.10010010010010009,0.55005005005005
140440.44044044043,0.048308308308308304,0.024154154154154152,1,0.1011011011011011,0.5505505505505506
140840.84084084083,0.04858858858858858,0.02429429429429429,0,0.1021021021021021,0.551051051051051
141241.24124124125,0.04886886886886887,0.024434434434434434,1,0.1031031031031031,0.5515515515515516
141641.64164164165,0.04914914914914915,0.024574574574574574,0,0.1041041041041041,0.5520520520520521
142042.04204204204,0.049429429429429426,0.024714714714714713,1,0.10510510510510511,0.5525525525525525
142442.44244244244,0.04970970970970971,0.024854854854854856,0,0.1061061061061061,0.5530530530530531
142842.84284284286,0.04998998998998999,0.024994994994994996,1,0.10710710710710711,0.5535535535535535
143243.24324324325,0.05027027027027027,0.025135135135135135,0,0.10810810810810811,0.5540540540540541
143643.64364364365,0.05055055055055055,0.025275275275275275,1,0.1091091091091091,0.5545545545545546
144044.04404404404,0.05083083083083083,0.025415415415415414,0,0.11011011011011011,0.555055055055055
144444.44444444444,0.05111111111111111,0.025555555555555554,1,0.1111111111111111,0.5555555555555556
144844.84484484483,0.051391391391391386,0.025695695695695693,0,0.11211211211211211,0.556056056056056
145245.24524524526,0.051671671671671665,0.025835835835835833,1,0.11311311311311312,0.5565565565565566
145645.64564564565,0.051951951951951944,0.025975975975975972,0,0.11411411411411411,0.5570570570570571
146046.04604604605,0.05223223223223224,0.02611611611611612,1,0.11511511511511512,0.5575575575575575
146446.44644644644,0.052512512512512516,0.026256256256256258,0,0.11611611611611611,0.5580580580580581
146846.84684684686,0.052792792792792795,0.026396396396396397,1,0.11711711711711711,0.5585585585585585
147247.24724724726,0.053073073073073074,0.026536536536536537,0,0.11811811811811812,0.5590590590590591
147647.64764764765,0.05335335335335335,0.026676676676676676,1,0.11911911911911911,0.5595595595595596
148048.04804804805,0.05363363363363363,0.026816816816816816,0,0.12012012012012012,0.56006006006006
148448.44844844844,0.05391391391391391,0.026956956956956955,1,0.12112112112112113,0.5605605605605606
148848.84884884884,0.05419419419419419,0.027097097097097095,0,0.12212212212212212,0.561061061061061
149249.24924924926,0.05447447447447447,0.027237237237237234,1,0.12312312312312312,0.5615615615615616
149649.64964964965,0.05475475475475475,0.027377377377377374,0,0.12412412412412413,0.5620620620620621
150050.05005005005,0.055035035035035026,0.027517517517517513,1,0.12512512512512514,0.5625625625625625
150450.45045045044,0.05531531531531532,0.02765765765765766,0,0.12612612612612611,0.5630630630630631
150850.85085085087,0.0555955955955956,0.0277977977977978,1,0.12712712712712712,0.5635635635635635
151251.25125125126,0.05587587587587588,0.02793793793793794,0,0.12812812812812813,0.5640640640640641
151651.65165165166,0.056156156156156156,0.028078078078078078,1,0.12912912912912913,0.5645645645645646
152052.05205205205,0.056436436436436435,0.028218218218218218,0,0.13013013013013014,0.565065065065065
152452.45245245245,0.056716716716716714,0.028358358358358357,1,0.13113113113113112,0.5655655655655656
152852.85285285284,0.05699699699699699,0.028498498498498497,0,0.13213213213213212,0.566066066066066
153253.25325325326,0.05727727727727727,0.028638638638638636,1,0.13313313313313313,0.5665665665665666
153653.65365365366,0.05755755755755755,0.028778778778778775,0,0.13413413413413414,0.5670670670670671
154054.05405405405,0.05783783783783783,0.028918918918918915,1,0.13513513513513514,0.5675675675675675
154454.45445445445,0.05811811811811812,0.02905905905905906,0,0.13613613613613612,0.5680680680680681
154854.85485485487,0.0583983983983984,0.0291991991991992,1,0.13713713713713713,0.5685685685685685
155255.25525525527,0.05867867867867868,0.02933933933933934,0,0.13813813813813813,0.5690690690690691
155655.65565565566,0.05895895895895896,0.02947947947947948,1,0.13913913913913914,0.5695695695695696
156056.05605605606,0.05923923923923924,0.02961961961961962,0,0.14014014014014015,0.57007007007007
156456.45645645645,0.05951951951951952,0.02975975975975976,1,0.14114114114114115,0.5705705705705706
156856.85685685684,0.0597997997997998,0.0298998998998999,0,0.14214214214214213,0.571071071071071
157257.25725725727,0.060080080080080075,0.030040040040040038,1,0.14314314314314314,0.5715715715715716
157657.65765765766,0.060360360360360354,0.030180180180180177,0,0.14414414414414414,0.5720720720720721
158058.05805805806,0.06064064064064063,0.030320320320320317,1,0.14514514514514515,0.5725725725725725
158458.45845845845,0.06092092092092091,0.030460460460460456,0,0.14614614614614616,0.5730730730730731
158858.85885885888,0.061201201201201205,0.030600600600600603,1,0.14714714714714713,0.5735735735735735
159259.25925925927,0.061481481481481484,0.030740740740740742,0,0.14814814814814814,0.5740740740740741
159659.65965965966,0.06176176176176176,0.03088088088088088,1,0.14914914914914915,0.5745745745745746
160060.06006006006,0.06204204204204204,0.03102102102102102,0,0.15015015015015015,0.575075075075075
160460.46046046045,0.06232232232232232,0.03116116116116116,1,0.15115115115115116,0.5755755755755756
160860.86086086085,0.0626026026026026,0.0313013013013013,0,0.15215215215215216,0.5760760760760761
161261.26126126127,0.06288288288288288,0.03144144144144144,1,0.15315315315315314,0.5765765765765766
161661.66166166167,0.06316316316316316,0.03158158158158158,0,0.15415415415415415,0.5770770770770771
162062.06206206206,0.06344344344344344,0.03172172172172172,1,0.15515515515515516,0.5775775775775776
162462.46246246248,0.06372372372372372,0.03186186186186186,0,0.15615615615615616,0.5780780780780781
162862.86286286288,0.064004004004004,0.032002002002002,1,0.15715715715715717,0.5785785785785786
163263.26326326327,0.06428428428428429,0.032142142142142144,0,0.15815815815815815,0.5790790790790791
163663.66366366367,0.06456456456456457,0.03228228228228228,1,0.15915915915915915,0.5795795795795796
164064.06406406406,0.06484484484484485,0.03242242242242242,0,0.16016016016016016,0.58008008008008
164464.46446446446,0.06512512512512512,0.03256256256256256,1,0.16116116116116116,0.5805805805805806
164864.86486486485,0.0654054054054054,0.0327027027027027,0,0.16216216216216217,0.5810810810810811
165265.26526526528,0.06568568568568568,0.03284284284284284,1,0.16316316316316315,0.5815815815815816
165665.66566566567,0.06596596596596596,0.03298298298298298,0,0.16416416416416416,0.5820820820820821
166066.06606606607,0.06624624624624624,0.03312312312312312,1,0.16516516516516516,0.5825825825825826
166466.4664664665,0.06652652652652652,0.03326326326326326,0,0.16616616616616617,0.5830830830830831
166866.86686686688,0.0668068068068068,0.0334034034034034,1,0.16716716716716717,0.5835835835835836
167267.26726726728,0.06708708708708709,0.033543543543543546,0,0.16816816816816815,0.5840840840840841
167667.66766766767,0.06736736736736737,0.033683683683683685,1,0.16916916916916916,0.5845845845845846
168068.06806806807,0.06764764764764765,0.033823823823823825,0,0.17017017017017017,0.585085085085085
168468.46846846846,0.06792792792792793,0.033963963963963964,1,0.17117117117117117,0.5855855855855856
168868.86886886886,0.06820820820820821,0.034104104104104103,0,0.17217217217217218,0.5860860860860861
169269.26926926928,0.06848848848848849,0.03424424424424424,1,0.17317317317317318,0.5865865865865866
169669.66966966967,0.06876876876876876,0.03438438438438438,0,0.17417417417417416,0.5870870870870871
170070.07007007007,0.06904904904904904,0.03452452452452452,1,0.17517517517517517,0.5875875875875876
170470.4704704705,0.06932932932932932,0.03466466466466466,0,0.17617617617617617,0.5880880880880881
170870.8708708709,0.0696096096096096,0.0348048048048048,1,0.17717717717717718,0.5885885885885886
171271.27127127128,0.06988988988988988,0.03494494494494494,0,0.1781781781781782,0.5890890890890891
171671.67167167168,0.07017017017017017,0.03508508508508509,1,0.17917917917917917,0.5895895895895896
172072.07207207207,0.07045045045045045,0.035225225225225226,0,0.18018018018018017,0.5900900900900901
172472.47247247247,0.07073073073073073,0.035365365365365366,1,0.18118118118118118,0.5905905905905906
172872.87287287286,0.07101101101101101,0.035505505505505505,0,0.18218218218218218,0.5910910910910911
173273.27327327328,0.07129129129129129,0.035645645645645645,1,0.1831831831831832,0.5915915915915916
173673.67367367368,0.07157157157157157,0.035785785785785784,0,0.1841841841841842,0.5920920920920921
174074.07407407407,0.07185185185185185,0.035925925925925924,1,0.18518518518518517,0.5925925925925926
174474.4744744745,0.07213213213213213,0.03606606606606606,0,0.18618618618618618,0.5930930930930931
174874.8748748749,0.0724124124124124,0.0362062062062062,1,0.1871871871871872,0.5935935935935936
175275.2752752753,0.07269269269269268,0.03634634634634634,0,0.1881881881881882,0.5940940940940941
175675.67567567568,0.07297297297297296,0.03648648648648648,1,0.1891891891891892,0.5945945945945946
176076.07607607607,0.07325325325325326,0.03662662662662663,0,0.19019019019019018,0.5950950950950951
176476.47647647647,0.07353353353353353,0.03676676676676677,1,0.19119119119119118,0.5955955955955956
176876.87687687686,0.07381381381381381,0.03690690690690691,0,0.1921921921921922,0.5960960960960962
177277.2772772773,0.07409409409409409,0.037047047047047046,1,0.1931931931931932,0.5965965965965966
177677.67767767768,0.07437437437437437,0.037187187187187186,0,0.1941941941941942,0.5970970970970971
178078.07807807808,0.07465465465465465,0.037327327327327325,1,0.19519519519519518,0.5975975975975976
178478.4784784785,0.07493493493493493,0.037467467467467465,0,0.1961961961961962,0.5980980980980981
178878.8788788789,0.07521521521521521,0.037607607607607604,1,0.1971971971971972,0.5985985985985987
179279.2792792793,0.07549549549549549,0.037747747747747744,0,0.1981981981981982,0.5990990990990991
179679.67967967968,0.07577577577577577,0.03788788788788788,1,0.1991991991991992,0.5995995995995996
180080.08008008008,0.07605605605605606,0.03802802802802803,0,0.20020020020020018,0.6001001001001001
180480.48048048047,0.07633633633633634,0.03816816816816817,1,0.2012012012012012,0.6006006006006006
180880.88088088087,0.07661661661661662,0.03830830830830831,0,0.2022022022022022,0.6011011011011012
181281.2812812813,0.0768968968968969,0.03844844844844845,1,0.2032032032032032,0.6016016016016016
181681.6816816817,0.07717717717717718,0.03858858858858859,0,0.2042042042042042,0.6021021021021021
182082.08208208208,0.07745745745745745,0.03872872872872873,1,0.20520520520520522,0.6026026026026026
182482.4824824825,0.07773773773773773,0.03886886886886887,0,0.2062062062062062,0.6031031031031031
182882.8828828829,0.07801801801801801,0.039009009009009006,1,0.2072072072072072,0.6036036036036037
183283.2832832833,0.07829829829829829,0.039149149149149146,0,0.2082082082082082,0.6041041041041041
183683.6836836837,0.07857857857857857,0.039289289289289285,1,0.2092092092092092,0.6046046046046046
184084.08408408408,0.07885885885885885,0.039429429429429425,0,0.21021021021021022,0.6051051051051051
184484.48448448448,0.07913913913913914,0.03956956956956957,1,0.2112112112112112,0.6056056056056056
184884.88488488487,0.07941941941941942,0.03970970970970971,0,0.2122122122122122,0.6061061061061062
185285.2852852853,0.0796996996996997,0.03984984984984985,1,0.2132132132132132,0.6066066066066066
185685.6856856857,0.07997997997997998,0.03998998998998999,0,0.21421421421421422,0.6071071071071071
186086.0860860861,0.08026026026026026,0.04013013013013013,1,0.21521521521521522,0.6076076076076076
186486.4864864865,0.08054054054054054,0.04027027027027027,0,0.21621621621621623,0.6081081081081081
186886.8868868869,0.08082082082082082,0.04041041041041041,1,0.2172172172172172,0.6086086086086087
187287.2872872873,0.0811011011011011,0.04055055055055055,0,0.2182182182182182,0.6091091091091091
187687.6876876877,0.08138138138138137,0.04069069069069069,1,0.21921921921921922,0.6096096096096096
188088.0880880881,0.08166166166166165,0.040830830830830826,0,0.22022022022022023,0.6101101101101101
188488.48848848848,0.08194194194194193,0.040970970970970966,1,0.22122122122122123,0.6106106106106106
188888.88888888888,0.08222222222222222,0.04111111111111111,0,0.2222222222222222,0.6111111111111112
189289.2892892893,0.0825025025025025,0.04125125125125125,1,0.22322322322322322,0.6116116116116116
189689.6896896897,0.08278278278278278,0.04139139139139139,0,0.22422422422422422,0.6121121121121121
190090.09009009012,0.08306306306306306,0.04153153153153153,1,0.22522522522522523,0.6126126126126126
190490.4904904905,0.08334334334334334,0.04167167167167167,0,0.22622622622622623,0.6131131131131131
190890.8908908909,0.08362362362362362,0.04181181181181181,1,0.2272272272272272,0.6136136136136137
191291.2912912913,0.0839039039039039,0.04195195195195195,0,0.22822822822822822,0.6141141141141141
191691.6916916917,0.08418418418418418,0.04209209209209209,1,0.22922922922922923,0.6146146146146146
192092.0920920921,0.08446446446446447,0.042232232232232235,0,0.23023023023023023,0.6151151151151151
192492.49249249249,0.08474474474474475,0.042372372372372374,1,0.23123123123123124,0.6156156156156156
192892.89289289288,0.08502502502502503,0.042512512512512514,0,0.23223223223223222,0.6161161161161162
193293.2932932933,0.0853053053053053,0.04265265265265265,1,0.23323323323323322,0.6166166166166166
193693.6936936937,0.08558558558558559,0.04279279279279279,0,0.23423423423423423,0.6171171171171171
194094.09409409412,0.08586586586586586,0.04293293293293293,1,0.23523523523523523,0.6176176176176176
194494.49449449452,0.08614614614614614,0.04307307307307307,0,0.23623623623623624,0.6181181181181181
194894.8948948949,0.08642642642642642,0.04321321321321321,1,0.23723723723723725,0.6186186186186187
195295.2952952953,0.0867067067067067,0.04335335335335335,0,0.23823823823823823,0.6191191191191191
195695.6956956957,0.08698698698698698,0.04349349349349349,1,0.23923923923923923,0.6196196196196196
196096.0960960961,0.08726726726726726,0.04363363363363363,0,0.24024024024024024,0.6201201201201201
196496.4964964965,0.08754754754754755,0.043773773773773776,1,0.24124124124124124,0.6206206206206206
196896.89689689688,0.08782782782782783,0.043913913913913916,0,0.24224224224224225,0.6211211211211212
197297.2972972973,0.08810810810810811,0.044054054054054055,1,0.24324324324324323,0.6216216216216216
197697.6976976977,0.08838838838838839,0.044194194194194195,0,0.24424424424424424,0.6221221221221221
198098.09809809813,0.08866866866866867,0.044334334334334334,1,0.24524524524524524,0.6226226226226226
198498.49849849852,0.08894894894894895,0.044474474474474474,0,0.24624624624624625,0.6231231231231231
198898.89889889891,0.08922922922922923,0.04461461461461461,1,0.24724724724724725,0.6236236236236237
199299.2992992993,0.0895095095095095,0.04475475475475475,0,0.24824824824824826,0.6241241241241241
199699.6996996997,0.08978978978978978,0.04489489489489489,1,0.24924924924924924,0.6246246246246246
200100.1001001001,0.09007007007007006,0.04503503503503503,0,0.2502502502502503,0.6251251251251251
200500.5005005005,0.09035035035035036,0.04517517517517518,1,0.25125125125125125,0.6256256256256256
200900.9009009009,0.09063063063063063,0.04531531531531532,0,0.25225225225225223,0.6261261261261262
201301.3013013013,0.09091091091091091,0.04545545545545546,1,0.25325325325325326,0.6266266266266266
201701.7017017017,0.09119119119119119,0.045595595595595596,0,0.25425425425425424,0.6271271271271271
202102.10210210213,0.09147147147147147,0.045735735735735736,1,0.2552552552552553,0.6276276276276276
202502.50250250252,0.09175175175175175,0.045875875875875875,0,0.25625625625625625,0.6281281281281281
202902.90290290292,0.09203203203203203,0.046016016016016015,1,0.25725725725725723,0.6286286286286287
203303.3033033033,0.09231231231231231,0.046156156156156154,0,0.25825825825825827,0.6291291291291291
203703.7037037037,0.09259259259259259,0.046296296296296294,1,0.25925925925925924,0.6296296296296297
204104.1041041041,0.09287287287287287,0.04643643643643643,0,0.2602602602602603,0.6301301301301301
204504.5045045045,0.09315315315315315,0.04657657657657657,1,0.26126126126126126,0.6306306306306306
204904.9049049049,0.09343343343343344,0.04671671671671672,0,0.26226226226226224,0.6311311311311312
205305.30530530532,0.09371371371371372,0.04685685685685686,1,0.26326326326326327,0.6316316316316316
205705.7057057057,0.093993993993994,0.046996996996997,0,0.26426426426426425,0.6321321321321322
206106.10610610613,0.09427427427427428,0.04713713713713714,1,0.2652652652652653,0.6326326326326326
206506.50650650653,0.09455455455455455,0.04727727727727728,0,0.26626626626626626,0.6331331331331331
206906.90690690692,0.09483483483483483,0.047417417417417417,1,0.26726726726726724,0.6336336336336337
207307.30730730732,0.09511511511511511,0.047557557557557556,0,0.2682682682682683,0.6341341341341341
207707.7077077077,0.09539539539539539,0.047697697697697695,1,0.26926926926926925,0.6346346346346347
208108.1081081081,0.09567567567567567,0.047837837837837835,0,0.2702702702702703,0.6351351351351351
208508.5085085085,0.09595595595595595,0.047977977977977974,1,0.27127127127127126,0.6356356356356356
208908.9089089089,0.09623623623623624,0.04811811811811812,0,0.27227227227227224,0.6361361361361362
209309.30930930932,0.09651651651651652,0.04825825825825826,1,0.2732732732732733,0.6366366366366366
209709.7097097097,0.0967967967967968,0.0483983983983984,0,0.27427427427427425,0.6371371371371372
210110.11011011014,0.09707707707707708,0.04853853853853854,1,0.2752752752752753,0.6376376376376376
210510.51051051053,0.09735735735735736,0.04867867867867868,0,0.27627627627627627,0.6381381381381381
210910.91091091093,0.09763763763763764,0.04881881881881882,1,0.2772772772772773,0.6386386386386387
211311.31131131132,0.09791791791791792,0.04895895895895896,0,0.2782782782782783,0.6391391391391391
211711.71171171172,0.0981981981981982,0.0490990990990991,1,0.27927927927927926,0.6396396396396397
212112.1121121121,0.09847847847847847,0.04923923923923924,0,0.2802802802802803,0.6401401401401401
212512.5125125125,0.09875875875875875,0.049379379379379376,1,0.28128128128128127,0.6406406406406406
212912.9129129129,0.09903903903903903,0.049519519519519516,0,0.2822822822822823,0.6411411411411412
213313.31331331332,0.09931931931931932,0.04965965965965966,1,0.2832832832832833,0.6416416416416416
213713.71371371372,0.0995995995995996,0.0497997997997998,0,0.28428428428428426,0.6421421421421422
214114.11411411414,0.09987987987987988,0.04993993993993994,1,0.2852852852852853,0.6426426426426426
214514.51451451454,0.10016016016016016,0.05008008008008008,0,0.2862862862862863,0.6431431431431431
214914.91491491493,0.10044044044044044,0.05022022022022022,1,0.2872872872872873,0.6436436436436437
215315.31531531533,0.10072072072072072,0.05036036036036036,0,0.2882882882882883,0.6441441441441441
215715.71571571572,0.101001001001001,0.0505005005005005,1,0.28928928928928926,0.6446446446446447
216116.1161161161,0.10128128128128128,0.05064064064064064,0,0.2902902902902903,0.6451451451451451
216516.5165165165,0.10156156156156156,0.05078078078078078,1,0.2912912912912913,0.6456456456456456
216916.9169169169,0.10184184184184183,0.05092092092092092,0,0.2922922922922923,0.6461461461461462
217317.31731731733,0.10212212212212211,0.05106106106106106,1,0.2932932932932933,0.6466466466466466
217717.71771771772,0.1024024024024024,0.0512012012012012,0,0.29429429429429427,0.6471471471471472
218118.11811811815,0.10268268268268269,0.05134134134134134,1,0.2952952952952953,0.6476476476476476
218518.51851851854,0.10296296296296296,0.05148148148148148,0,0.2962962962962963,0.6481481481481481
218918.91891891893,0.10324324324324324,0.05162162162162162,1,0.2972972972972973,0.6486486486486487
219319.31931931933,0.10352352352352352,0.05176176176176176,0,0.2982982982982983,0.6491491491491491
219719.71971971972,0.1038038038038038,0.0519019019019019,1,0.29929929929929927,0.6496496496496497
220120.12012012012,0.10408408408408408,0.05204204204204204,0,0.3003003003003003,0.6501501501501501
220520.5205205205,0.10436436436436436,0.05218218218218218,1,0.3013013013013013,0.6506506506506506
220920.92092092094,0.10464464464464464,0.05232232232232232,0,0.3023023023023023,0.6511511511511512
221321.32132132133,0.10492492492492492,0.05246246246246246,1,0.3033033033033033,0.6516516516516516
221721.72172172173,0.1052052052052052,0.0526026026026026,0,0.30430430430430433,0.6521521521521522
222122.12212212215,0.10548548548548549,0.052742742742742744,1,0.3053053053053053,0.6526526526526526
222522.52252252254,0.10576576576576577,0.052882882882882884,0,0.3063063063063063,0.6531531531531531
222922.92292292294,0.10604604604604605,0.05302302302302302,1,0.3073073073073073,0.6536536536536537
223323.32332332333,0.10632632632632633,0.05316316316316316,0,0.3083083083083083,0.6541541541541541
223723.72372372373,0.1066066066066066,0.0533033033033033,1,0.30930930930930933,0.6546546546546547
224124.12412412412,0.10688688688688688,0.05344344344344344,0,0.3103103103103103,0.6551551551551551
224524.52452452452,0.10716716716716716,0.05358358358358358,1,0.3113113113113113,0.6556556556556556
224924.92492492494,0.10744744744744744,0.05372372372372372,0,0.3123123123123123,0.6561561561561562
225325.32532532534,0.10772772772772772,0.05386386386386386,1,0.3133133133133133,0.6566566566566566
225725.72572572573,0.108008008008008,0.054004004004004,0,0.31431431431431434,0.6571571571571572
226126.12612612615,0.10828828828828829,0.054144144144144146,1,0.3153153153153153,0.6576576576576576
226526.52652652655,0.10856856856856857,0.054284284284284286,0,0.3163163163163163,0.6581581581581581
226926.92692692694,0.10884884884884885,0.054424424424424425,1,0.3173173173173173,0.6586586586586587
227327.32732732734,0.10912912912912913,0.054564564564564565,0,0.3183183183183183,0.6591591591591591
227727.72772772773,0.10940940940940941,0.054704704704704704,1,0.31931931931931934,0.6596596596596597
228128.12812812813,0.10968968968968969,0.054844844844844844,0,0.3203203203203203,0.6601601601601601
228528.52852852852,0.10996996996996997,0.05498498498498498,1,0.3213213213213213,0.6606606606606606
228928.92892892894,0.11025025025025025,0.05512512512512512,0,0.32232232232232233,0.6611611611611612
229329.32932932934,0.11053053053053052,0.05526526526526526,1,0.3233233233233233,0.6616616616616616
229729.72972972973,0.1108108108108108,0.0554054054054054,0,0.32432432432432434,0.6621621621621622
230130.13013013016,0.11109109109109108,0.05554554554554554,1,0.3253253253253253,0.6626626626626626
230530.53053053055,0.11137137137137137,0.05568568568568569,0,0.3263263263263263,0.6631631631631631
230930.93093093095,0.11165165165165165,0.05582582582582583,1,0.32732732732732733,0.6636636636636637
231331.33133133134,0.11193193193193193,0.055965965965965966,0,0.3283283283283283,0.6641641641641641
231731.73173173174,0.11221221221221221,0.056106106106106106,1,0.32932932932932935,0.6646646646646647
232132.13213213213,0.11249249249249249,0.056246246246246245,0,0.3303303303303303,0.6651651651651651
232532.53253253255,0.11277277277277277,0.056386386386386385,1,0.3313313313313313,0.6656656656656657
232932.93293293295,0.11305305305305305,0.056526526526526524,0,0.33233233233233234,0.6661661661661662
233333.33333333334,0.11333333333333333,0.056666666666666664,1,0.3333333333333333,0.6666666666666666
233733.73373373374,0.1136136136136136,0.0568068068068068,0,0.33433433433433435,0.6671671671671672
234134.13413413413,0.11389389389389389,0.05694694694694694,1,0.3353353353353353,0.6676676676676676
234534.53453453456,0.11417417417417418,0.05708708708708709,0,0.3363363363363363,0.6681681681681682
234934.93493493495,0.11445445445445446,0.05722722722722723,1,0.33733733733733734,0.6686686686686687
235335.33533533535,0.11473473473473474,0.05736736736736737,0,0.3383383383383383,0.6691691691691691
235735.73573573574,0.11501501501501502,0.05750750750750751,1,0.33933933933933935,0.6696696696696697
236136.13613613613,0.1152952952952953,0.05764764764764765,0,0.34034034034034033,0.6701701701701701
236536.53653653656,0.11557557557557557,0.05778778778778779,1,0.34134134134134136,0.6706706706706707
236936.93693693695,0.11585585585585585,0.057927927927927926,0,0.34234234234234234,0.6711711711711712
237337.33733733735,0.11613613613613613,0.058068068068068066,1,0.3433433433433433,0.6716716716716716
237737.73773773774,0.11641641641641641,0.058208208208208205,0,0.34434434434434436,0.6721721721721722
238138.13813813814,0.11669669669669669,0.058348348348348344,1,0.34534534534534533,0.6726726726726726
238538.53853853856,0.11697697697697697,0.058488488488488484,0,0.34634634634634637,0.6731731731731732
238938.93893893895,0.11725725725725726,0.05862862862862863,1,0.34734734734734735,0.6736736736736737
239339.33933933935,0.11753753753753754,0.05876876876876877,0,0.3483483483483483,0.6741741741741741
239739.73973973974,0.11781781781781782,0.05890890890890891,1,0.34934934934934936,0.6746746746746747
240140.14014014014,0.1180980980980981,0.05904904904904905,0,0.35035035035035034,0.6751751751751751
240540.54054054056,0.11837837837837838,0.05918918918918919,1,0.35135135135135137,0.6756756756756757
240940.94094094096,0.11865865865865866,0.05932932932932933,0,0.35235235235235235,0.6761761761761762
241341.34134134135,0.11893893893893893,0.05946946946946947,1,0.3533533533533533,0.6766766766766766
241741.74174174175,0.11921921921921921,0.05960960960960961,0,0.35435435435435436,0.6771771771771772
242142.14214214214,0.11949949949949949,0.059749749749749746,1,0.35535535535535534,0.6776776776776776
242542.54254254256,0.11977977977977977,0.059889889889889886,0,0.3563563563563564,0.6781781781781782
242942.94294294296,0.12006006006006005,0.060030030030030025,1,0.35735735735735735,0.6786786786786787
243343.34334334335,0.12034034034034034,0.06017017017017017,0,0.35835835835835833,0.6791791791791791
243743.74374374375,0.12062062062062062,0.06031031031031031,1,0.35935935935935936,0.6796796796796797
244144.14414414414,0.1209009009009009,0.06045045045045045,0,0.36036036036036034,0.6801801801801801
244544.54454454457,0.12118118118118118,0.06059059059059059,1,0.3613613613613614,0.6806806806806807
244944.94494494496,0.12146146146146146,0.06073073073073073,0,0.36236236236236236,0.6811811811811812
245345.34534534535,0.12174174174174174,0.06087087087087087,1,0.36336336336336333,0.6816816816816816
245745.74574574575,0.12202202202202202,0.06101101101101101,0,0.36436436436436437,0.6821821821821822
246146.14614614614,0.1223023023023023,0.06115115115115115,1,0.36536536536536535,0.6826826826826826
246546.54654654657,0.12258258258258257,0.06129129129129129,0,0.3663663663663664,0.6831831831831832
246946.94694694696,0.12286286286286285,0.06143143143143143,1,0.36736736736736736,0.6836836836836837
247347.34734734736,0.12314314314314313,0.061571571571571566,0,0.3683683683683684,0.6841841841841843
247747.74774774775,0.12342342342342343,0.06171171171171171,1,0.36936936936936937,0.6846846846846847
248148.14814814815,0.1237037037037037,0.06185185185185185,0,0.37037037037037035,0.6851851851851851
248548.54854854857,0.12398398398398398,0.06199199199199199,1,0.3713713713713714,0.6856856856856857
248948.94894894896,0.12426426426426426,0.06213213213213213,0,0.37237237237237236,0.6861861861861862
249349.34934934936,0.12454454454454454,0.06227227227227227,1,0.3733733733733734,0.6866866866866868
249749.74974974975,0.12482482482482482,0.06241241241241241,0,0.3743743743743744,0.6871871871871872
250150.15015015015,0.12510510510510509,0.06255255255255254,1,0.37537537537537535,0.6876876876876876
250550.55055055057,0.12538538538538538,0.06269269269269269,0,0.3763763763763764,0.6881881881881882
250950.95095095097,0.12566566566566564,0.06283283283283282,1,0.37737737737737737,0.6886886886886887
251351.35135135136,0.12594594594594594,0.06297297297297297,0,0.3783783783783784,0.6891891891891893
251751.75175175176,0.12622622622622623,0.06311311311311311,1,0.3793793793793794,0.6896896896896897
252152.15215215215,0.1265065065065065,0.06325325325325325,0,0.38038038038038036,0.6901901901901901
252552.55255255257,0.1267867867867868,0.0633933933933934,1,0.3813813813813814,0.6906906906906907
252952.95295295297,0.12706706706706705,0.06353353353353353,0,0.38238238238238237,0.6911911911911912
253353.35335335336,0.12734734734734734,0.06367367367367367,1,0.3833833833833834,0.6916916916916918
253753.75375375376,0.1276276276276276,0.0638138138138138,0,0.3843843843843844,0.6921921921921922
254154.15415415415,0.1279079079079079,0.06395395395395395,1,0.38538538538538536,0.6926926926926926
254554.55455455458,0.12818818818818817,0.06409409409409408,0,0.3863863863863864,0.6931931931931932
254954.95495495497,0.12846846846846846,0.06423423423423423,1,0.38738738738738737,0.6936936936936937
255355.35535535536,0.12874874874874873,0.06437437437437436,0,0.3883883883883884,0.6941941941941943
255755.75575575576,0.12902902902902902,0.06451451451451451,1,0.3893893893893894,0.6946946946946947
256156.15615615615,0.1293093093093093,0.06465465465465466,0,0.39039039039039036,0.6951951951951951
256556.55655655658,0.12958958958958958,0.06479479479479479,1,0.3913913913913914,0.6956956956956957
256956.95695695697,0.12986986986986987,0.06493493493493493,0,0.3923923923923924,0.6961961961961962
257357.35735735737,0.13015015015015013,0.06507507507507507,1,0.3933933933933934,0.6966966966966968
257757.75775775776,0.13043043043043043,0.06521521521521521,0,0.3943943943943944,0.6971971971971972
258158.15815815816,0.1307107107107107,0.06535535535535535,1,0.39539539539539537,0.6976976976976976
258558.55855855858,0.13099099099099099,0.06549549549549549,0,0.3963963963963964,0.6981981981981982
258958.95895895897,0.13127127127127125,0.06563563563563563,1,0.3973973973973974,0.6986986986986987
259359.35935935937,0.13155155155155154,0.06577577577577577,0,0.3983983983983984,0.6991991991991993
259759.75975975976,0.1318318318318318,0.0659159159159159,1,0.3993993993993994,0.6996996996996997
260160.16016016016,0.1321121121121121,0.06605605605605605,0,0.40040040040040037,0.7002002002002001
260560.56056056058,0.1323923923923924,0.0661961961961962,1,0.4014014014014014,0.7007007007007007
260960.96096096098,0.13267267267267266,0.06633633633633633,0,0.4024024024024024,0.7012012012012012
261361.36136136137,0.13295295295295295,0.06647647647647648,1,0.4034034034034034,0.7017017017017018
261761.76176176177,0.13323323323323322,0.06661661661661661,0,0.4044044044044044,0.7022022022022022
262162.16216216213,0.1335135135135135,0.06675675675675675,1,0.40540540540540543,0.7027027027027027
262562.5625625626,0.13379379379379377,0.06689689689689689,0,0.4064064064064064,0.7032032032032032
262962.962962963,0.13407407407407407,0.06703703703703703,1,0.4074074074074074,0.7037037037037037
263363.3633633634,0.13435435435435433,0.06717717717717717,0,0.4084084084084084,0.7042042042042043
263763.76376376377,0.13463463463463463,0.06731731731731731,1,0.4094094094094094,0.7047047047047047
264164.16416416416,0.1349149149149149,0.06745745745745745,0,0.41041041041041043,0.7052052052052052
264564.5645645646,0.13519519519519518,0.06759759759759759,1,0.4114114114114114,0.7057057057057057
264964.964964965,0.13547547547547548,0.06773773773773774,0,0.4124124124124124,0.7062062062062062
265365.3653653654,0.13575575575575574,0.06787787787787787,1,0.4134134134134134,0.7067067067067068
265765.7657657658,0.13603603603603603,0.06801801801801802,0,0.4144144144144144,0.7072072072072072
266166.1661661662,0.1363163163163163,0.06815815815815815,1,0.41541541541541543,0.7077077077077077
266566.5665665666,0.1365965965965966,0.0682982982982983,0,0.4164164164164164,0.7082082082082082
266966.966966967,0.13687687687687686,0.06843843843843843,1,0.4174174174174174,0.7087087087087087
267367.3673673674,0.13715715715715715,0.06857857857857858,0,0.4184184184184184,0.7092092092092093
267767.7677677678,0.13743743743743742,0.06871871871871871,1,0.4194194194194194,0.7097097097097097
268168.16816816817,0.1377177177177177,0.06885885885885885,0,0.42042042042042044,0.7102102102102102
268568.56856856856,0.13799799799799797,0.06899899899899899,1,0.4214214214214214,0.7107107107107107
268968.96896896895,0.13827827827827827,0.06913913913913913,0,0.4224224224224224,0.7112112112112112
269369.36936936935,0.13855855855855856,0.06927927927927928,1,0.42342342342342343,0.7117117117117118
269769.76976976974,0.13883883883883882,0.06941941941941941,0,0.4244244244244244,0.7122122122122122
270170.17017017014,0.13911911911911912,0.06955955955955956,1,0.42542542542542544,0.7127127127127127
270570.5705705706,0.13939939939939938,0.06969969969969969,0,0.4264264264264264,0.7132132132132132
270970.970970971,0.13967967967967967,0.06983983983983984,1,0.4274274274274274,0.7137137137137137
271371.3713713714,0.13995995995995994,0.06997997997997997,0,0.42842842842842843,0.7142142142142143
271771.7717717718,0.14024024024024023,0.07012012012012012,1,0.4294294294294294,0.7147147147147147
272172.1721721722,0.1405205205205205,0.07026026026026025,0,0.43043043043043044,0.7152152152152152
272572.5725725726,0.1408008008008008,0.0704004004004004,1,0.4314314314314314,0.7157157157157157
272972.972972973,0.14108108108108106,0.07054054054054053,0,0.43243243243243246,0.7162162162162162
273373.3733733734,0.14136136136136135,0.07068068068068067,1,0.43343343343343343,0.7167167167167168
273773.7737737738,0.14164164164164164,0.07082082082082082,0,0.4344344344344344,0.7172172172172172
274174.1741741742,0.1419219219219219,0.07096096096096095,1,0.43543543543543545,0.7177177177177178
274574.5745745746,0.1422022022022022,0.0711011011011011,0,0.4364364364364364,0.7182182182182182
274974.974974975,0.14248248248248246,0.07124124124124123,1,0.43743743743743746,0.7187187187187187
275375.3753753754,0.14276276276276276,0.07138138138138138,0,0.43843843843843844,0.7192192192192193
275775.7757757758,0.14304304304304302,0.07152152152152151,1,0.4394394394394394,0.7197197197197197
276176.1761761762,0.14332332332332332,0.07166166166166166,0,0.44044044044044045,0.7202202202202203
276576.57657657657,0.14360360360360358,0.07180180180180179,1,0.44144144144144143,0.7207207207207207
276976.97697697696,0.14388388388388387,0.07194194194194194,0,0.44244244244244246,0.7212212212212212
277377.37737737736,0.14416416416416417,0.07208208208208208,1,0.44344344344344344,0.7217217217217218
277777.77777777775,0.14444444444444443,0.07222222222222222,0,0.4444444444444444,0.7222222222222222
278178.1781781782,0.14472472472472472,0.07236236236236236,1,0.44544544544544545,0.7227227227227228
278578.5785785786,0.145005005005005,0.0725025025025025,0,0.44644644644644643,0.7232232232232232
278978.978978979,0.14528528528528525,0.07264264264264263,1,0.44744744744744747,0.7237237237237237
279379.3793793794,0.14556556556556555,0.07278278278278277,0,0.44844844844844844,0.7242242242242243
279779.7797797798,0.14584584584584584,0.07292292292292292,1,0.4494494494494494,0.7247247247247247
280180.18018018024,0.1461261261261261,0.07306306306306305,0,0.45045045045045046,0.7252252252252253
280580.58058058063,0.1464064064064064,0.0732032032032032,1,0.45145145145145144,0.7257257257257257
280980.980980981,0.14668668668668666,0.07334334334334333,0,0.45245245245245247,0.7262262262262262
281381.3813813814,0.14696696696696696,0.07348348348348348,1,0.45345345345345345,0.7267267267267268
281781.7817817818,0.14724724724724722,0.07362362362362361,0,0.4544544544544544,0.7272272272272272
282182.1821821822,0.1475275275275275,0.07376376376376376,1,0.45545545545545546,0.7277277277277278
282582.5825825826,0.14780780780780778,0.07390390390390389,0,0.45645645645645644,0.7282282282282282
282982.982982983,0.14808808808808807,0.07404404404404404,1,0.4574574574574575,0.7287287287287287
283383.3833833834,0.14836836836836834,0.07418418418418417,0,0.45845845845845845,0.7292292292292293
283783.7837837838,0.14864864864864863,0.07432432432432431,1,0.45945945945945943,0.7297297297297297
284184.1841841842,0.14892892892892892,0.07446446446446446,0,0.46046046046046046,0.7302302302302303
284584.5845845846,0.1492092092092092,0.0746046046046046,1,0.46146146146146144,0.7307307307307307
284984.98498498497,0.14948948948948948,0.07474474474474474,0,0.4624624624624625,0.7312312312312312
285385.38538538537,0.14976976976976974,0.07488488488488487,1,0.46346346346346345,0.7317317317317318
285785.78578578576,0.15005005005005004,0.07502502502502502,0,0.46446446446446443,0.7322322322322322
286186.1861861862,0.1503303303303303,0.07516516516516515,1,0.46546546546546547,0.7327327327327328
286586.5865865866,0.1506106106106106,0.0753053053053053,0,0.46646646646646645,0.7332332332332332
286986.986986987,0.15089089089089086,0.07544544544544543,1,0.4674674674674675,0.7337337337337337
287387.3873873874,0.15117117117117115,0.07558558558558558,0,0.46846846846846846,0.7342342342342343
287787.7877877878,0.15145145145145142,0.07572572572572571,1,0.4694694694694695,0.7347347347347347
288188.18818818824,0.1517317317317317,0.07586586586586586,0,0.47047047047047047,0.7352352352352353
288588.58858858864,0.152012012012012,0.076006006006006,1,0.47147147147147145,0.7357357357357357
288988.98898898903,0.15229229229229227,0.07614614614614613,0,0.4724724724724725,0.7362362362362362
289389.3893893894,0.15257257257257256,0.07628628628628628,1,0.47347347347347346,0.7367367367367368
289789.7897897898,0.15285285285285283,0.07642642642642641,0,0.4744744744744745,0.7372372372372372
290190.1901901902,0.15313313313313312,0.07656656656656656,1,0.4754754754754755,0.7377377377377378
290590.5905905906,0.15341341341341339,0.07670670670670669,0,0.47647647647647645,0.7382382382382382
290990.990990991,0.15369369369369368,0.07684684684684684,1,0.4774774774774775,0.7387387387387387
291391.3913913914,0.15397397397397394,0.07698698698698697,0,0.47847847847847846,0.7392392392392393
291791.7917917918,0.15425425425425424,0.07712712712712712,1,0.4794794794794795,0.7397397397397397
292192.1921921922,0.1545345345345345,0.07726726726726725,0,0.4804804804804805,0.7402402402402403
292592.5925925926,0.1548148148148148,0.0774074074074074,1,0.48148148148148145,0.7407407407407407
292992.992992993,0.1550950950950951,0.07754754754754754,0,0.4824824824824825,0.7412412412412412
293393.3933933934,0.15537537537537535,0.07768768768768768,1,0.48348348348348347,0.7417417417417418
293793.79379379377,0.15565565565565564,0.07782782782782782,0,0.4844844844844845,0.7422422422422422
294194.1941941942,0.1559359359359359,0.07796796796796795,1,0.4854854854854855,0.7427427427427428
294594.5945945946,0.1562162162162162,0.0781081081081081,0,0.48648648648648646,0.7432432432432432
294994.994994995,0.15649649649649647,0.07824824824824823,1,0.4874874874874875,0.7437437437437437
295395.3953953954,0.15677677677677676,0.07838838838838838,0,0.48848848848848847,0.7442442442442443
295795.7957957958,0.15705705705705703,0.07852852852852851,1,0.4894894894894895,0.7447447447447447
296196.19619619625,0.15733733733733732,0.07866866866866866,0,0.4904904904904905,0.7452452452452453
296596.59659659665,0.1576176176176176,0.0788088088088088,1,0.49149149149149146,0.7457457457457457
296996.99699699704,0.15789789789789788,0.07894894894894894,0,0.4924924924924925,0.7462462462462462
297397.39739739744,0.15817817817817817,0.07908908908908908,1,0.4934934934934935,0.7467467467467468
297797.79779779783,0.15845845845845843,0.07922922922922922,0,0.4944944944944945,0.7472472472472472
298198.1981981982,0.15873873873873873,0.07936936936936936,1,0.4954954954954955,0.7477477477477478
298598.5985985986,0.159019019019019,0.0795095095095095,0,0.4964964964964965,0.7482482482482482
298998.998998999,0.15929929929929929,0.07964964964964964,1,0.4974974974974975,0.7487487487487487
299399.3993993994,0.15957957957957955,0.07978978978978978,0,0.4984984984984985,0.7492492492492493
299799.7997997998,0.15985985985985984,0.07992992992992992,1,0.4994994994994995,0.7497497497497497
300200.2002002002,0.1601401401401401,0.08007007007007005,0,0.5005005005005005,0.7502502502502503
300600.6006006006,0.1604204204204204,0.0802102102102102,1,0.5015015015015015,0.7507507507507507
301001.001001001,0.1607007007007007,0.08035035035035035,0,0.5025025025025025,0.7512512512512513
301401.4014014014,0.16098098098098096,0.08049049049049048,1,0.5035035035035035,0.7517517517517518
301801.8018018018,0.16126126126126125,0.08063063063063063,0,0.5045045045045045,0.7522522522522522
302202.2022022022,0.16154154154154152,0.08077077077077076,1,0.5055055055055055,0.7527527527527528
302602.6026026026,0.1618218218218218,0.0809109109109109,0,0.5065065065065065,0.7532532532532532
303003.003003003,0.16210210210210207,0.08105105105105104,1,0.5075075075075075,0.7537537537537538
303403.4034034034,0.16238238238238237,0.08119119119119118,0,0.5085085085085085,0.7542542542542543
303803.8038038038,0.16266266266266263,0.08133133133133132,1,0.5095095095095095,0.7547547547547547
304204.20420420426,0.16294294294294293,0.08147147147147146,0,0.5105105105105106,0.7552552552552553
304604.60460460465,0.1632232232232232,0.0816116116116116,1,0.5115115115115115,0.7557557557557557
305005.00500500505,0.16350350350350348,0.08175175175175174,0,0.5125125125125125,0.7562562562562563
305405.40540540544,0.16378378378378378,0.08189189189189189,1,0.5135135135135135,0.7567567567567568
305805.80580580584,0.16406406406406404,0.08203203203203202,0,0.5145145145145145,0.7572572572572572
306206.20620620623,0.16434434434434433,0.08217217217217217,1,0.5155155155155156,0.7577577577577578
306606.6066066066,0.1646246246246246,0.0823123123123123,0,0.5165165165165165,0.7582582582582582
307007.007007007,0.1649049049049049,0.08245245245245245,1,0.5175175175175175,0.7587587587587588
307407.4074074074,0.16518518518518516,0.08259259259259258,0,0.5185185185185185,0.7592592592592593
307807.8078078078,0.16546546546546545,0.08273273273273272,1,0.5195195195195195,0.7597597597597597
308208.2082082082,0.16574574574574572,0.08287287287287286,0,0.5205205205205206,0.7602602602602603
308608.6086086086,0.166026026026026,0.083013013013013,1,0.5215215215215215,0.7607607607607607
309009.009009009,0.16630630630630627,0.08315315315315314,0,0.5225225225225225,0.7612612612612613
309409.4094094094,0.16658658658658657,0.08329329329329328,1,0.5235235235235235,0.7617617617617618
309809.8098098098,0.16686686686686686,0.08343343343343343,0,0.5245245245245245,0.7622622622622622
310210.21021021024,0.16714714714714712,0.08357357357357356,1,0.5255255255255256,0.7627627627627628
310610.61061061063,0.16742742742742742,0.08371371371371371,0,0.5265265265265265,0.7632632632632632
311011.011011011,0.16770770770770768,0.08385385385385384,1,0.5275275275275275,0.7637637637637638
311411.4114114114,0.16798798798798797,0.08399399399399399,0,0.5285285285285285,0.7642642642642643
311811.8118118118,0.16826826826826824,0.08413413413413412,1,0.5295295295295295,0.7647647647647647
312212.21221221227,0.16854854854854853,0.08427427427427427,0,0.5305305305305306,0.7652652652652653
312612.61261261266,0.1688288288288288,0.0844144144144144,1,0.5315315315315315,0.7657657657657657
313013.01301301306,0.1691091091091091,0.08455455455455455,0,0.5325325325325325,0.7662662662662663
313413.41341341345,0.16938938938938936,0.08469469469469468,1,0.5335335335335335,0.7667667667667668
313813.81381381385,0.16966966966966965,0.08483483483483482,0,0.5345345345345345,0.7672672672672672
314214.21421421424,0.16994994994994994,0.08497497497497497,1,0.5355355355355356,0.7677677677677678
314614.61461461463,0.1702302302302302,0.0851151151151151,0,0.5365365365365365,0.7682682682682682
315015.01501501503,0.1705105105105105,0.08525525525525525,1,0.5375375375375375,0.7687687687687688
315415.4154154154,0.17079079079079076,0.08539539539539538,0,0.5385385385385385,0.7692692692692693
315815.8158158158,0.17107107107107106,0.08553553553553553,1,0.5395395395395395,0.7697697697697697
316216.2162162162,0.17135135135135132,0.08567567567567566,0,0.5405405405405406,0.7702702702702703
316616.6166166166,0.17163163163163161,0.08581581581581581,1,0.5415415415415415,0.7707707707707707
317017.017017017,0.17191191191191188,0.08595595595595594,0,0.5425425425425425,0.7712712712712713
317417.4174174174,0.17219219219219217,0.08609609609609609,1,0.5435435435435435,0.7717717717717718
317817.8178178178,0.17247247247247247,0.08623623623623623,0,0.5445445445445445,0.7722722722722722
318218.21821821824,0.17275275275275273,0.08637637637637637,1,0.5455455455455456,0.7727727727727728
318618.61861861864,0.17303303303303302,0.08651651651651651,0,0.5465465465465466,0.7732732732732732
319019.01901901903,0.1733133133133133,0.08665665665665664,1,0.5475475475475475,0.7737737737737738
319419.4194194194,0.17359359359359358,0.08679679679679679,0,0.5485485485485485,0.7742742742742743
319819.8198198198,0.17387387387387385,0.08693693693693692,1,0.5495495495495496,0.7747747747747749
320220.2202202203,0.17415415415415414,0.08707707707707707,0,0.5505505505505506,0.7752752752752753
320620.62062062067,0.1744344344344344,0.0872172172172172,1,0.5515515515515516,0.7757757757757757
321021.02102102106,0.1747147147147147,0.08735735735735735,0,0.5525525525525525,0.7762762762762763
321421.42142142146,0.17499499499499496,0.08749749749749748,1,0.5535535535535535,0.7767767767767768
321821.82182182185,0.17527527527527526,0.08763763763763763,0,0.5545545545545546,0.7772772772772774
322222.22222222225,0.17555555555555555,0.08777777777777777,1,0.5555555555555556,0.7777777777777778
322622.62262262264,0.1758358358358358,0.0879179179179179,0,0.5565565565565566,0.7782782782782782
323023.02302302304,0.1761161161161161,0.08805805805805805,1,0.5575575575575575,0.7787787787787788
323423.42342342343,0.17639639639639637,0.08819819819819819,0,0.5585585585585585,0.7792792792792793
323823.8238238238,0.17667667667667666,0.08833833833833833,1,0.5595595595595596,0.7797797797797799
324224.2242242242,0.17695695695695693,0.08847847847847846,0,0.5605605605605606,0.7802802802802803
324624.6246246246,0.17723723723723722,0.08861861861861861,1,0.5615615615615616,0.7807807807807807
325025.025025025,0.1775175175175175,0.08875875875875874,0,0.5625625625625625,0.7812812812812813
325425.4254254254,0.17779779779779778,0.08889889889889889,1,0.5635635635635635,0.7817817817817818
325825.8258258258,0.17807807807807804,0.08903903903903902,0,0.5645645645645646,0.7822822822822824
326226.22622622625,0.17835835835835834,0.08917917917917917,1,0.5655655655655656,0.7827827827827828
326626.62662662665,0.17863863863863863,0.08931931931931932,0,0.5665665665665666,0.7832832832832832
327027.02702702704,0.1789189189189189,0.08945945945945945,1,0.5675675675675675,0.7837837837837838
327427.42742742744,0.1791991991991992,0.0895995995995996,0,0.5685685685685685,0.7842842842842843
327827.82782782783,0.17947947947947945,0.08973973973973973,1,0.5695695695695696,0.7847847847847849
328228.2282282283,0.17975975975975975,0.08987987987987987,0,0.5705705705705706,0.7852852852852853
328628.6286286287,0.18004004004004,0.09002002002002,1,0.5715715715715716,0.7857857857857857
329029.0290290291,0.1803203203203203,0.09016016016016015,0,0.5725725725725725,0.7862862862862863
329429.42942942947,0.18060060060060057,0.09030030030030028,1,0.5735735735735735,0.7867867867867868
329829.82982982986,0.18088088088088086,0.09044044044044043,0,0.5745745745745746,0.7872872872872874
330230.23023023026,0.18116116116116113,0.09058058058058056,1,0.5755755755755756,0.7877877877877878
330630.63063063065,0.18144144144144142,0.09072072072072071,0,0.5765765765765766,0.7882882882882882
331031.03103103105,0.1817217217217217,0.09086086086086086,1,0.5775775775775776,0.7887887887887888
331431.43143143144,0.18200200200200198,0.09100100100100099,0,0.5785785785785785,0.7892892892892893
331831.83183183183,0.18228228228228227,0.09114114114114114,1,0.5795795795795796,0.7897897897897899
332232.2322322322,0.18256256256256254,0.09128128128128127,0,0.5805805805805806,0.7902902902902903
332632.6326326326,0.18284284284284283,0.09142142142142141,1,0.5815815815815816,0.7907907907907907
333033.033033033,0.1831231231231231,0.09156156156156155,0,0.5825825825825826,0.7912912912912913
333433.4334334334,0.1834034034034034,0.0917017017017017,1,0.5835835835835835,0.7917917917917918
333833.8338338338,0.18368368368368365,0.09184184184184183,0,0.5845845845845846,0.7922922922922924
334234.23423423426,0.18396396396396394,0.09198198198198197,1,0.5855855855855856,0.7927927927927928
334634.63463463465,0.1842442442442442,0.0921221221221221,0,0.5865865865865866,0.7932932932932932
335035.03503503505,0.1845245245245245,0.09226226226226225,1,0.5875875875875876,0.7937937937937938
335435.43543543544,0.1848048048048048,0.0924024024024024,0,0.5885885885885885,0.7942942942942943
335835.83583583584,0.18508508508508506,0.09254254254254253,1,0.5895895895895896,0.7947947947947949
336236.2362362363,0.18536536536536535,0.09268268268268268,0,0.5905905905905906,0.7952952952952953
336636.6366366367,0.18564564564564562,0.09282282282282281,1,0.5915915915915916,0.7957957957957957
337037.0370370371,0.1859259259259259,0.09296296296296296,0,0.5925925925925926,0.7962962962962963
337437.4374374375,0.18620620620620618,0.09310310310310309,1,0.5935935935935935,0.7967967967967968
337837.83783783787,0.18648648648648647,0.09324324324324323,0,0.5945945945945946,0.7972972972972974
338238.23823823826,0.18676676676676673,0.09338338338338337,1,0.5955955955955956,0.7977977977977978
338638.63863863866,0.18704704704704703,0.09352352352352351,0,0.5965965965965966,0.7982982982982982
339039.03903903905,0.1873273273273273,0.09366366366366365,1,0.5975975975975976,0.7987987987987988
339439.43943943945,0.18760760760760758,0.09380380380380379,0,0.5985985985985985,0.7992992992992993
339839.83983983984,0.18788788788788788,0.09394394394394394,1,0.5995995995995996,0.7997997997997999
340240.24024024024,0.18816816816816814,0.09408408408408407,0,0.6006006006006006,0.8003003003003003
340640.64064064063,0.18844844844844844,0.09422422422422422,1,0.6016016016016016,0.8008008008008007
341041.041041041,0.1887287287287287,0.09436436436436435,0,0.6026026026026026,0.8013013013013013
341441.4414414414,0.189009009009009,0.0945045045045045,1,0.6036036036036035,0.8018018018018018
341841.8418418419,0.18928928928928926,0.09464464464464463,0,0.6046046046046046,0.8023023023023024
342242.24224224227,0.18956956956956955,0.09478478478478478,1,0.6056056056056056,0.8028028028028028
342642.64264264266,0.18984984984984982,0.09492492492492491,0,0.6066066066066066,0.8033033033033032
343043.04304304306,0.1901301301301301,0.09506506506506505,1,0.6076076076076076,0.8038038038038038
343443.44344344345,0.19041041041041037,0.09520520520520519,0,0.6086086086086087,0.8043043043043043
343843.8438438439,0.19069069069069067,0.09534534534534533,1,0.6096096096096096,0.8048048048048049
344244.2442442443,0.19097097097097096,0.09548548548548548,0,0.6106106106106106,0.8053053053053053
344644.6446446447,0.19125125125125123,0.09562562562562561,1,0.6116116116116116,0.8058058058058057
345045.0450450451,0.19153153153153152,0.09576576576576576,0,0.6126126126126126,0.8063063063063063
345445.4454454455,0.19181181181181178,0.09590590590590589,1,0.6136136136136137,0.8068068068068068
345845.8458458459,0.19209209209209208,0.09604604604604604,0,0.6146146146146146,0.8073073073073074
346246.2462462463,0.19237237237237234,0.09618618618618617,1,0.6156156156156156,0.8078078078078078
346646.64664664667,0.19265265265265263,0.09632632632632632,0,0.6166166166166166,0.8083083083083082
347047.04704704706,0.1929329329329329,0.09646646646646645,1,0.6176176176176176,0.8088088088088088
347447.44744744746,0.1932132132132132,0.0966066066066066,0,0.6186186186186187,0.8093093093093093
347847.84784784785,0.19349349349349348,0.09674674674674674,1,0.6196196196196196,0.8098098098098099
348248.24824824824,0.19377377377377375,0.09688688688688687,0,0.6206206206206206,0.8103103103103103
348648.64864864864,0.19405405405405404,0.09702702702702702,1,0.6216216216216216,0.8108108108108107
349049.04904904903,0.1943343343343343,0.09716716716716715,0,0.6226226226226226,0.8113113113113113
349449.4494494494,0.1946146146146146,0.0973073073073073,1,0.6236236236236237,0.8118118118118118
349849.8498498499,0.19489489489489487,0.09744744744744743,0,0.6246246246246246,0.8123123123123124
350250.2502502503,0.19517517517517516,0.09758758758758758,1,0.6256256256256256,0.8128128128128128
350650.65065065067,0.19545545545545542,0.09772772772772771,0,0.6266266266266266,0.8133133133133132
351051.05105105106,0.19573573573573572,0.09786786786786786,1,0.6276276276276276,0.8138138138138138
351451.45145145146,0.19601601601601598,0.09800800800800799,0,0.6286286286286287,0.8143143143143143
351851.8518518519,0.19629629629629627,0.09814814814814814,1,0.6296296296296297,0.8148148148148149
352252.2522522523,0.19657657657657657,0.09828828828828828,0,0.6306306306306306,0.8153153153153153
352652.6526526527,0.19685685685685683,0.09842842842842842,1,0.6316316316316316,0.8158158158158157
353053.0530530531,0.19713713713713713,0.09856856856856856,0,0.6326326326326326,0.8163163163163163
353453.4534534535,0.1974174174174174,0.0987087087087087,1,0.6336336336336337,0.8168168168168168
353853.8538538539,0.19769769769769768,0.09884884884884884,0,0.6346346346346347,0.8173173173173174
354254.2542542543,0.19797797797797795,0.09898898898898897,1,0.6356356356356356,0.8178178178178178
354654.6546546547,0.19825825825825824,0.09912912912912912,0,0.6366366366366366,0.8183183183183182
355055.05505505507,0.1985385385385385,0.09926926926926925,1,0.6376376376376376,0.8188188188188188
355455.45545545546,0.1988188188188188,0.0994094094094094,0,0.6386386386386387,0.8193193193193193
355855.85585585586,0.19909909909909906,0.09954954954954953,1,0.6396396396396397,0.8198198198198199
356256.25625625625,0.19937937937937936,0.09968968968968968,0,0.6406406406406406,0.8203203203203203
356656.65665665665,0.19965965965965965,0.09982982982982982,1,0.6416416416416416,0.8208208208208208
357057.05705705704,0.19993993993993991,0.09996996996996996,0,0.6426426426426426,0.8213213213213213
357457.45745745744,0.2002202202202202,0.1001101101101101,1,0.6436436436436437,0.8218218218218218
357857.8578578579,0.20050050050050047,0.10025025025025024,0,0.6446446446446447,0.8223223223223224
358258.2582582583,0.20078078078078077,0.10039039039039038,1,0.6456456456456456,0.8228228228228228
358658.6586586587,0.20106106106106103,0.10053053053053052,0,0.6466466466466466,0.8233233233233233
359059.0590590591,0.20134134134134132,0.10067067067067066,1,0.6476476476476476,0.8238238238238238
359459.45945945947,0.2016216216216216,0.1008108108108108,0,0.6486486486486487,0.8243243243243243
359859.8598598599,0.20190190190190188,0.10095095095095094,1,0.6496496496496497,0.8248248248248249
360260.2602602603,0.20218218218218215,0.10109109109109107,0,0.6506506506506506,0.8253253253253253
360660.6606606607,0.20246246246246244,0.10123123123123122,1,0.6516516516516516,0.8258258258258258
361061.0610610611,0.20274274274274273,0.10137137137137137,0,0.6526526526526526,0.8263263263263263
361461.4614614615,0.203023023023023,0.1015115115115115,1,0.6536536536536537,0.8268268268268268
361861.8618618619,0.2033033033033033,0.10165165165165164,0,0.6546546546546547,0.8273273273273274
362262.2622622623,0.20358358358358355,0.10179179179179178,1,0.6556556556556556,0.8278278278278278
362662.6626626627,0.20386386386386385,0.10193193193193192,0,0.6566566566566566,0.8283283283283283
363063.0630630631,0.2041441441441441,0.10207207207207206,1,0.6576576576576576,0.8288288288288288
363463.4634634635,0.2044244244244244,0.1022122122122122,0,0.6586586586586587,0.8293293293293293
363863.86386386387,0.20470470470470467,0.10235235235235234,1,0.6596596596596597,0.8298298298298299
364264.26426426426,0.20498498498498496,0.10249249249249248,0,0.6606606606606606,0.8303303303303303
364664.66466466465,0.20526526526526523,0.10263263263263261,1,0.6616616616616616,0.8308308308308308
365065.0650650651,0.20554554554554552,0.10277277277277276,0,0.6626626626626626,0.8313313313313313
365465.4654654655,0.20582582582582581,0.10291291291291291,1,0.6636636636636637,0.8318318318318318
365865.8658658659,0.20610610610610608,0.10305305305305304,0,0.6646646646646647,0.8323323323323324
366266.2662662663,0.20638638638638637,0.10319319319319319,1,0.6656656656656657,0.8328328328328328
366666.6666666667,0.20666666666666664,0.10333333333333332,0,0.6666666666666666,0.8333333333333333
367067.0670670671,0.20694694694694693,0.10347347347347347,1,0.6676676676676676,0.8338338338338338
367467.4674674675,0.2072272272272272,0.1036136136136136,0,0.6686686686686687,0.8343343343343343
367867.86786786787,0.2075075075075075,0.10375375375375374,1,0.6696696696696697,0.8348348348348349
368268.26826826826,0.20778778778778775,0.10389389389389388,0,0.6706706706706707,0.8353353353353353
368668.66866866866,0.20806806806806805,0.10403403403403402,1,0.6716716716716716,0.8358358358358358
369069.0690690691,0.20834834834834834,0.10417417417417417,0,0.6726726726726726,0.8363363363363363
369469.4694694695,0.2086286286286286,0.1043143143143143,1,0.6736736736736737,0.8368368368368369
369869.8698698699,0.2089089089089089,0.10445445445445445,0,0.6746746746746747,0.8373373373373374
370270.2702702703,0.20918918918918916,0.10459459459459458,1,0.6756756756756757,0.8378378378378378
370670.6706706707,0.20946946946946945,0.10473473473473473,0,0.6766766766766766,0.8383383383383383
371071.0710710711,0.20974974974974972,0.10487487487487486,1,0.6776776776776777,0.8388388388388388
371471.4714714715,0.21003003003003,0.105015015015015,0,0.6786786786786787,0.8393393393393394
371871.8718718719,0.21031031031031028,0.10515515515515514,1,0.6796796796796797,0.8398398398398399
372272.27227227227,0.21059059059059057,0.10529529529529529,0,0.6806806806806807,0.8403403403403403
372672.67267267266,0.21087087087087084,0.10543543543543542,1,0.6816816816816816,0.8408408408408408
373073.0730730731,0.21115115115115113,0.10557557557557556,0,0.6826826826826827,0.8413413413413413
373473.4734734735,0.21143143143143142,0.10571571571571571,1,0.6836836836836837,0.8418418418418419
373873.8738738739,0.2117117117117117,0.10585585585585584,0,0.6846846846846847,0.8423423423423424
374274.2742742743,0.21199199199199198,0.10599599599599599,1,0.6856856856856857,0.8428428428428428
374674.6746746747,0.21227227227227224,0.10613613613613612,0,0.6866866866866866,0.8433433433433433
375075.0750750751,0.21255255255255254,0.10627627627627627,1,0.6876876876876877,0.8438438438438438
375475.4754754755,0.2128328328328328,0.1064164164164164,0,0.6886886886886887,0.8443443443443444
375875.8758758759,0.2131131131131131,0.10655655655655655,1,0.6896896896896897,0.8448448448448449
376276.2762762763,0.21339339339339336,0.10669669669669668,0,0.6906906906906907,0.8453453453453453
376676.6766766767,0.21367367367367365,0.10683683683683683,1,0.6916916916916916,0.8458458458458458
377077.0770770771,0.21395395395395392,0.10697697697697696,0,0.6926926926926927,0.8463463463463463
377477.4774774775,0.2142342342342342,0.1071171171171171,1,0.6936936936936937,0.8468468468468469
377877.8778778779,0.2145145145145145,0.10725725725725725,0,0.6946946946946947,0.8473473473473474
378278.2782782783,0.21479479479479477,0.10739739739739738,1,0.6956956956956957,0.8478478478478478
378678.6786786787,0.21507507507507506,0.10753753753753753,0,0.6966966966966966,0.8483483483483483
379079.0790790791,0.21535535535535533,0.10767767767767766,1,0.6976976976976977,0.8488488488488488
379479.4794794795,0.21563563563563562,0.10781781781781781,0,0.6986986986986987,0.8493493493493494
379879.8798798799,0.21591591591591588,0.10795795795795794,1,0.6996996996996997,0.8498498498498499
380280.2802802803,0.21619619619619618,0.10809809809809809,0,0.7007007007007007,0.8503503503503503
380680.6806806807,0.21647647647647644,0.10823823823823822,1,0.7017017017017017,0.8508508508508508
381081.0810810811,0.21675675675675674,0.10837837837837837,0,0.7027027027027027,0.8513513513513513
381481.4814814815,0.217037037037037,0.1085185185185185,1,0.7037037037037037,0.8518518518518519
381881.8818818819,0.2173173173173173,0.10865865865865865,0,0.7047047047047047,0.8523523523523524
382282.2822822823,0.2175975975975976,0.1087987987987988,1,0.7057057057057057,0.8528528528528528
382682.6826826827,0.21787787787787785,0.10893893893893893,0,0.7067067067067067,0.8533533533533533
383083.0830830831,0.21815815815815814,0.10907907907907907,1,0.7077077077077077,0.8538538538538538
383483.4834834835,0.2184384384384384,0.1092192192192192,0,0.7087087087087087,0.8543543543543544
383883.8838838839,0.2187187187187187,0.10935935935935935,1,0.7097097097097097,0.8548548548548549
384284.2842842843,0.21899899899899897,0.10949949949949948,0,0.7107107107107107,0.8553553553553553
384684.68468468473,0.21927927927927926,0.10963963963963963,1,0.7117117117117117,0.8558558558558558
385085.0850850851,0.21955955955955953,0.10977977977977976,0,0.7127127127127127,0.8563563563563563
385485.4854854855,0.21983983983983982,0.10991991991991991,1,0.7137137137137137,0.8568568568568569
385885.8858858859,0.22012012012012008,0.11006006006006004,0,0.7147147147147147,0.8573573573573574
386286.2862862863,0.22040040040040038,0.11020020020020019,1,0.7157157157157157,0.8578578578578578
386686.6866866867,0.22068068068068067,0.11034034034034033,0,0.7167167167167167,0.8583583583583583
387087.0870870871,0.22096096096096093,0.11048048048048047,1,0.7177177177177178,0.8588588588588588
387487.4874874875,0.22124124124124123,0.11062062062062061,0,0.7187187187187187,0.8593593593593594
387887.8878878879,0.2215215215215215,0.11076076076076075,1,0.7197197197197197,0.8598598598598599
388288.2882882883,0.22180180180180178,0.11090090090090089,0,0.7207207207207207,0.8603603603603603
388688.68868868874,0.22208208208208205,0.11104104104104102,1,0.7217217217217217,0.8608608608608608
389089.08908908913,0.22236236236236234,0.11118118118118117,0,0.7227227227227228,0.8613613613613613
389489.4894894895,0.2226426426426426,0.1113213213213213,1,0.7237237237237237,0.8618618618618619
389889.8898898899,0.2229229229229229,0.11146146146146145,0,0.7247247247247247,0.8623623623623624
390290.2902902903,0.22320320320320317,0.11160160160160158,1,0.7257257257257257,0.8628628628628628
390690.6906906907,0.22348348348348346,0.11174174174174173,0,0.7267267267267267,0.8633633633633633
391091.0910910911,0.22376376376376375,0.11188188188188188,1,0.7277277277277278,0.8638638638638638
391491.4914914915,0.22404404404404402,0.11202202202202201,0,0.7287287287287287,0.8643643643643644
391891.8918918919,0.2243243243243243,0.11216216216216215,1,0.7297297297297297,0.8648648648648649
392292.2922922923,0.22460460460460457,0.11230230230230229,0,0.7307307307307307,0.8653653653653653
392692.69269269274,0.22488488488488487,0.11244244244244243,1,0.7317317317317317,0.8658658658658658
393093.09309309314,0.22516516516516513,0.11258258258258257,0,0.7327327327327328,0.8663663663663663
393493.49349349353,0.22544544544544542,0.11272272272272271,1,0.7337337337337337,0.8668668668668669
393893.8938938939,0.2257257257257257,0.11286286286286284,0,0.7347347347347347,0.8673673673673674
394294.2942942943,0.22600600600600598,0.11300300300300299,1,0.7357357357357357,0.8678678678678678
394694.6946946947,0.22628628628628625,0.11314314314314312,0,0.7367367367367368,0.8683683683683684
395095.0950950951,0.22656656656656654,0.11328328328328327,1,0.7377377377377378,0.8688688688688688
395495.4954954955,0.22684684684684683,0.11342342342342342,0,0.7387387387387387,0.8693693693693694
395895.8958958959,0.2271271271271271,0.11356356356356355,1,0.7397397397397397,0.8698698698698699
396296.2962962963,0.2274074074074074,0.1137037037037037,0,0.7407407407407407,0.8703703703703703
396696.69669669674,0.22768768768768766,0.11384384384384383,1,0.7417417417417418,0.8708708708708709
397097.09709709714,0.22796796796796795,0.11398398398398397,0,0.7427427427427428,0.8713713713713713
397497.49749749753,0.22824824824824821,0.11412412412412411,1,0.7437437437437437,0.8718718718718719
397897.8978978979,0.2285285285285285,0.11426426426426425,0,0.7447447447447447,0.8723723723723724
398298.2982982983,0.22880880880880877,0.11440440440440439,1,0.7457457457457457,0.8728728728728729
398698.6986986987,0.22908908908908907,0.11454454454454453,0,0.7467467467467468,0.8733733733733734
399099.0990990991,0.22936936936936936,0.11468468468468468,1,0.7477477477477478,0.8738738738738738
399499.4994994995,0.22964964964964962,0.11482482482482481,0,0.7487487487487487,0.8743743743743744
399899.8998998999,0.22992992992992992,0.11496496496496496,1,0.7497497497497497,0.8748748748748749
400300.3003003003,0.23021021021021018,0.11510510510510509,0,0.7507507507507507,0.8753753753753754
400700.70070070075,0.23049049049049047,0.11524524524524524,1,0.7517517517517518,0.8758758758758759
401101.10110110114,0.23077077077077074,0.11538538538538537,0,0.7527527527527528,0.8763763763763763
401501.50150150154,0.23105105105105103,0.11552552552552552,1,0.7537537537537538,0.8768768768768769
401901.90190190193,0.2313313313313313,0.11566566566566565,0,0.7547547547547547,0.8773773773773774
402302.3023023023,0.2316116116116116,0.1158058058058058,1,0.7557557557557557,0.8778778778778779
402702.7027027027,0.23189189189189185,0.11594594594594593,0,0.7567567567567568,0.8783783783783784
403103.1031031031,0.23217217217217215,0.11608608608608607,1,0.7577577577577578,0.8788788788788788
403503.5035035035,0.23245245245245244,0.11622622622622622,0,0.7587587587587588,0.8793793793793794
403903.9039039039,0.2327327327327327,0.11636636636636635,1,0.7597597597597597,0.8798798798798799
404304.3043043043,0.233013013013013,0.1165065065065065,0,0.7607607607607607,0.8803803803803804
404704.70470470475,0.23329329329329326,0.11664664664664663,1,0.7617617617617618,0.8808808808808809
405105.10510510515,0.23357357357357356,0.11678678678678678,0,0.7627627627627628,0.8813813813813813
405505.50550550554,0.23385385385385382,0.11692692692692691,1,0.7637637637637638,0.8818818818818819
405905.90590590594,0.23413413413413411,0.11706706706706706,0,0.7647647647647647,0.8823823823823824
406306.30630630633,0.23441441441441438,0.11720720720720719,1,0.7657657657657657,0.8828828828828829
406706.7067067067,0.23469469469469467,0.11734734734734734,0,0.7667667667667668,0.8833833833833834
407107.1071071071,0.23497497497497494,0.11748748748748747,1,0.7677677677677678,0.8838838838838838
407507.5075075075,0.23525525525525523,0.11762762762762762,0,0.7687687687687688,0.8843843843843844
407907.9079079079,0.23553553553553552,0.11776776776776776,1,0.7697697697697697,0.8848848848848849
408308.3083083083,0.2358158158158158,0.1179079079079079,0,0.7707707707707707,0.8853853853853854
408708.70870870876,0.23609609609609608,0.11804804804804804,1,0.7717717717717718,0.8858858858858859
409109.10910910915,0.23637637637637635,0.11818818818818817,0,0.7727727727727728,0.8863863863863863
409509.50950950955,0.23665665665665664,0.11832832832832832,1,0.7737737737737738,0.8868868868868869
409909.90990990994,0.2369369369369369,0.11846846846846845,0,0.7747747747747747,0.8873873873873874
410310.31031031033,0.2372172172172172,0.1186086086086086,1,0.7757757757757757,0.8878878878878879
410710.71071071073,0.23749749749749746,0.11874874874874873,0,0.7767767767767768,0.8883883883883884
411111.1111111111,0.23777777777777775,0.11888888888888888,1,0.7777777777777778,0.8888888888888888
411511.5115115115,0.23805805805805802,0.11902902902902901,0,0.7787787787787788,0.8893893893893894
411911.9119119119,0.2383383383383383,0.11916916916916916,1,0.7797797797797797,0.8898898898898899
412312.3123123123,0.2386186186186186,0.1193093093093093,0,0.7807807807807807,0.8903903903903904
412712.71271271276,0.23889889889889887,0.11944944944944944,1,0.7817817817817818,0.8908908908908909
413113.11311311316,0.23917917917917916,0.11958958958958958,0,0.7827827827827828,0.8913913913913913
413513.51351351355,0.23945945945945943,0.11972972972972971,1,0.7837837837837838,0.8918918918918919
413913.91391391394,0.23973973973973972,0.11986986986986986,0,0.7847847847847848,0.8923923923923924
414314.31431431434,0.24002002002002,0.12001001001001,1,0.7857857857857857,0.8928928928928929
414714.71471471473,0.24030030030030028,0.12015015015015014,0,0.7867867867867868,0.8933933933933934
415115.1151151151,0.24058058058058054,0.12029029029029027,1,0.7877877877877878,0.8938938938938938
415515.5155155155,0.24086086086086084,0.12043043043043042,0,0.7887887887887888,0.8943943943943944
415915.9159159159,0.2411411411411411,0.12057057057057055,1,0.7897897897897898,0.8948948948948949
416316.3163163163,0.2414214214214214,0.1207107107107107,0,0.7907907907907907,0.8953953953953954
416716.71671671676,0.2417017017017017,0.12085085085085084,1,0.7917917917917918,0.8958958958958959
417117.11711711716,0.24198198198198195,0.12099099099099098,0,0.7927927927927928,0.8963963963963963
417517.51751751755,0.24226226226226225,0.12113113113113112,1,0.7937937937937938,0.8968968968968969
417917.91791791795,0.2425425425425425,0.12127127127127126,0,0.7947947947947948,0.8973973973973974
418318.31831831834,0.2428228228228228,0.1214114114114114,1,0.7957957957957957,0.8978978978978979
418718.71871871874,0.24310310310310307,0.12155155155155153,0,0.7967967967967968,0.8983983983983984
419119.11911911913,0.24338338338338336,0.12169169169169168,1,0.7977977977977978,0.8988988988988988
419519.5195195195,0.24366366366366363,0.12183183183183181,0,0.7987987987987988,0.8993993993993994
419919.9199199199,0.24394394394394392,0.12197197197197196,1,0.7997997997997998,0.8998998998998999
420320.3203203203,0.2442242242242242,0.1221121121121121,0,0.8008008008008007,0.9004004004004004
420720.72072072077,0.24450450450450448,0.12225225225225224,1,0.8018018018018018,0.9009009009009009
421121.12112112116,0.24478478478478477,0.12239239239239239,0,0.8028028028028028,0.9014014014014013
421521.52152152156,0.24506506506506504,0.12253253253253252,1,0.8038038038038038,0.9019019019019019
421921.92192192195,0.24534534534534533,0.12267267267267266,0,0.8048048048048048,0.9024024024024024
422322.32232232235,0.2456256256256256,0.1228128128128128,1,0.8058058058058059,0.902902902902903
422722.72272272274,0.24590590590590589,0.12295295295295294,0,0.8068068068068068,0.9034034034034034
423123.12312312314,0.24618618618618615,0.12309309309309308,1,0.8078078078078078,0.9039039039039038
423523.52352352353,0.24646646646646644,0.12323323323323322,0,0.8088088088088088,0.9044044044044044
423923.9239239239,0.2467467467467467,0.12337337337337335,1,0.8098098098098098,0.9049049049049049
424324.3243243243,0.247027027027027,0.1235135135135135,0,0.8108108108108109,0.9054054054054055
424724.7247247248,0.2473073073073073,0.12365365365365365,1,0.8118118118118118,0.9059059059059059
425125.12512512517,0.24758758758758756,0.12379379379379378,0,0.8128128128128128,0.9064064064064064
425525.52552552556,0.24786786786786785,0.12393393393393393,1,0.8138138138138138,0.9069069069069069
425925.92592592596,0.24814814814814812,0.12407407407407406,0,0.8148148148148148,0.9074074074074074
426326.32632632635,0.2484284284284284,0.1242142142142142,1,0.8158158158158159,0.907907907907908
426726.72672672675,0.24870870870870868,0.12435435435435434,0,0.8168168168168168,0.9084084084084084
427127.12712712714,0.24898898898898897,0.12449449449449448,1,0.8178178178178178,0.9089089089089089
427527.52752752753,0.24926926926926923,0.12463463463463462,0,0.8188188188188188,0.9094094094094094
427927.9279279279,0.24954954954954953,0.12477477477477476,1,0.8198198198198198,0.9099099099099099
428328.3283283283,0.2498298298298298,0.1249149149149149,0,0.8208208208208209,0.9104104104104105
428728.7287287288,0.2501101101101101,0.12505505505505504,1,0.8218218218218218,0.9109109109109109
429129.1291291292,0.2503903903903904,0.1251951951951952,0,0.8228228228228228,0.9114114114114114
429529.52952952957,0.25067067067067067,0.12533533533533533,1,0.8238238238238238,0.9119119119119119
429929.92992992996,0.25095095095095094,0.12547547547547547,0,0.8248248248248248,0.9124124124124124
430330.33033033035,0.2512312312312312,0.1256156156156156,1,0.8258258258258259,0.912912912912913
430730.73073073075,0.2515115115115115,0.12575575575575576,0,0.8268268268268268,0.9134134134134134
431131.13113113114,0.2517917917917918,0.1258958958958959,1,0.8278278278278278,0.9139139139139139
431531.53153153154,0.25207207207207205,0.12603603603603603,0,0.8288288288288288,0.9144144144144144
431931.93193193193,0.2523523523523523,0.12617617617617616,1,0.8298298298298298,0.914914914914915
432332.3323323323,0.25263263263263264,0.12631631631631632,0,0.8308308308308309,0.9154154154154155
432732.7327327328,0.2529129129129129,0.12645645645645645,1,0.8318318318318318,0.9159159159159159
433133.1331331332,0.25319319319319317,0.12659659659659658,0,0.8328328328328328,0.9164164164164164
433533.53353353357,0.2534734734734735,0.12673673673673674,1,0.8338338338338338,0.9169169169169169
433933.93393393396,0.25375375375375375,0.12687687687687688,0,0.8348348348348348,0.9174174174174174
434334.33433433436,0.254034034034034,0.127017017017017,1,0.8358358358358359,0.917917917917918
434734.73473473475,0.2543143143143143,0.12715715715715714,0,0.8368368368368369,0.9184184184184184
435135.13513513515,0.2545945945945946,0.1272972972972973,1,0.8378378378378378,0.9189189189189189
435535.53553553554,0.25487487487487487,0.12743743743743743,0,0.8388388388388388,0.9194194194194194
435935.93593593594,0.25515515515515513,0.12757757757757757,1,0.8398398398398398,0.91991991991992
436336.33633633633,0.2554354354354354,0.1277177177177177,0,0.8408408408408409,0.9204204204204205
436736.7367367368,0.2557157157157157,0.12785785785785786,1,0.8418418418418419,0.9209209209209209
437137.1371371372,0.255995995995996,0.127997997997998,0,0.8428428428428428,0.9214214214214214
437537.5375375376,0.25627627627627625,0.12813813813813812,1,0.8438438438438438,0.9219219219219219
437937.93793793797,0.25655655655655657,0.12827827827827828,0,0.8448448448448448,0.9224224224224224
438338.33833833836,0.25683683683683683,0.12841841841841842,1,0.8458458458458459,0.922922922922923
438738.73873873876,0.2571171171171171,0.12855855855855855,0,0.8468468468468469,0.9234234234234234
439139.13913913915,0.25739739739739737,0.12869869869869868,1,0.8478478478478478,0.9239239239239239
439539.53953953955,0.2576776776776777,0.12883883883883884,0,0.8488488488488488,0.9244244244244244
439939.93993993994,0.25795795795795795,0.12897897897897898,1,0.8498498498498498,0.924924924924925
440340.34034034034,0.2582382382382382,0.1291191191191191,0,0.8508508508508509,0.9254254254254255
440740.7407407408,0.2585185185185185,0.12925925925925924,1,0.8518518518518519,0.9259259259259259
441141.1411411412,0.2587987987987988,0.1293993993993994,0,0.8528528528528528,0.9264264264264264
441541.5415415416,0.25907907907907907,0.12953953953953953,1,0.8538538538538538,0.9269269269269269
441941.941941942,0.25935935935935933,0.12967967967967967,0,0.8548548548548548,0.9274274274274275
442342.34234234237,0.25963963963963965,0.12981981981981983,1,0.8558558558558559,0.927927927927928
442742.74274274276,0.2599199199199199,0.12995995995995996,0,0.8568568568568569,0.9284284284284284
443143.14314314316,0.2602002002002002,0.1301001001001001,1,0.8578578578578578,0.9289289289289289
443543.54354354355,0.26048048048048045,0.13024024024024022,0,0.8588588588588588,0.9294294294294294
443943.94394394394,0.26076076076076077,0.13038038038038038,1,0.8598598598598598,0.92992992992993
444344.3443443444,0.26104104104104103,0.13052052052052052,0,0.8608608608608609,0.9304304304304305
444744.7447447448,0.2613213213213213,0.13066066066066065,1,0.8618618618618619,0.9309309309309309
445145.1451451452,0.26160160160160156,0.13080080080080078,0,0.8628628628628628,0.9314314314314314
445545.5455455456,0.2618818818818819,0.13094094094094094,1,0.8638638638638638,0.9319319319319319
445945.945945946,0.26216216216216215,0.13108108108108107,0,0.8648648648648649,0.9324324324324325
446346.34634634637,0.2624424424424424,0.1312212212212212,1,0.8658658658658659,0.932932932932933
446746.74674674676,0.26272272272272273,0.13136136136136137,0,0.8668668668668669,0.9334334334334334
447147.14714714716,0.263003003003003,0.1315015015015015,1,0.8678678678678678,0.9339339339339339
447547.54754754755,0.26328328328328326,0.13164164164164163,0,0.8688688688688688,0.9344344344344344
447947.94794794795,0.26356356356356353,0.13178178178178176,1,0.8698698698698699,0.934934934934935
448348.3483483484,0.26384384384384385,0.13192192192192193,0,0.8708708708708709,0.9354354354354355
448748.7487487488,0.2641241241241241,0.13206206206206206,1,0.8718718718718719,0.9359359359359359
449149.1491491492,0.2644044044044044,0.1322022022022022,0,0.8728728728728729,0.9364364364364364
449549.5495495496,0.26468468468468465,0.13234234234234232,1,0.8738738738738738,0.9369369369369369
449949.94994995,0.26496496496496497,0.13248248248248248,0,0.8748748748748749,0.9374374374374375
450350.3503503504,0.26524524524524523,0.13262262262262262,1,0.8758758758758759,0.937937937937938
450750.75075075077,0.2655255255255255,0.13276276276276275,0,0.8768768768768769,0.9384384384384384
451151.15115115116,0.2658058058058058,0.1329029029029029,1,0.8778778778778779,0.9389389389389389
451551.55155155156,0.2660860860860861,0.13304304304304304,0,0.8788788788788788,0.9394394394394394
451951.95195195195,0.26636636636636635,0.13318318318318317,1,0.8798798798798799,0.93993993993994
452352.3523523524,0.2666466466466466,0.1333233233233233,0,0.8808808808808809,0.9404404404404405
452752.7527527528,0.26692692692692693,0.13346346346346347,1,0.8818818818818819,0.9409409409409409
453153.1531531532,0.2672072072072072,0.1336036036036036,0,0.8828828828828829,0.9414414414414414
453553.5535535536,0.26748748748748746,0.13374374374374373,1,0.8838838838838838,0.9419419419419419
453953.953953954,0.26776776776776773,0.13388388388388386,0,0.8848848848848849,0.9424424424424425
454354.3543543544,0.26804804804804805,0.13402402402402402,1,0.8858858858858859,0.942942942942943
454754.7547547548,0.2683283283283283,0.13416416416416416,0,0.8868868868868869,0.9434434434434434
455155.15515515517,0.2686086086086086,0.1343043043043043,1,0.8878878878878879,0.9439439439439439
455555.55555555556,0.2688888888888889,0.13444444444444445,0,0.8888888888888888,0.9444444444444444
455955.95595595596,0.26916916916916916,0.13458458458458458,1,0.8898898898898899,0.944944944944945
456356.3563563564,0.26944944944944943,0.13472472472472471,0,0.8908908908908909,0.9454454454454455
456756.7567567568,0.2697297297297297,0.13486486486486485,1,0.8918918918918919,0.9459459459459459
457157.1571571572,0.27001001001001,0.135005005005005,0,0.8928928928928929,0.9464464464464464
457557.5575575576,0.2702902902902903,0.13514514514514514,1,0.8938938938938938,0.9469469469469469
457957.957957958,0.27057057057057055,0.13528528528528527,0,0.8948948948948949,0.9474474474474475
458358.3583583584,0.27085085085085087,0.13542542542542543,1,0.8958958958958959,0.947947947947948
458758.7587587588,0.27113113113113113,0.13556556556556557,0,0.8968968968968969,0.9484484484484484
459159.1591591592,0.2714114114114114,0.1357057057057057,1,0.8978978978978979,0.9489489489489489
459559.55955955957,0.2716916916916917,0.13584584584584586,0,0.8988988988988988,0.9494494494494494
459959.95995995996,0.271971971971972,0.135985985985986,1,0.8998998998998999,0.94994994994995
460360.3603603604,0.27225225225225225,0.13612612612612612,0,0.9009009009009009,0.9504504504504505
460760.7607607608,0.2725325325325325,0.13626626626626626,1,0.9019019019019019,0.950950950950951
461161.1611611612,0.27281281281281283,0.13640640640640642,0,0.9029029029029029,0.9514514514514514
461561.5615615616,0.2730930930930931,0.13654654654654655,1,0.9039039039039038,0.9519519519519519
461961.961961962,0.27337337337337336,0.13668668668668668,0,0.9049049049049049,0.9524524524524525
462362.3623623624,0.27365365365365363,0.13682682682682681,1,0.9059059059059059,0.952952952952953
462762.7627627628,0.27393393393393395,0.13696696696696697,0,0.9069069069069069,0.9534534534534534
463163.1631631632,0.2742142142142142,0.1371071071071071,1,0.9079079079079079,0.9539539539539539
463563.56356356357,0.2744944944944945,0.13724724724724724,0,0.9089089089089089,0.9544544544544544
463963.96396396396,0.2747747747747748,0.1373873873873874,1,0.9099099099099099,0.954954954954955
464364.3643643644,0.27505505505505506,0.13752752752752753,0,0.9109109109109109,0.9554554554554555
464764.7647647648,0.27533533533533533,0.13766766766766766,1,0.9119119119119119,0.955955955955956
465165.1651651652,0.2756156156156156,0.1378078078078078,0,0.9129129129129129,0.9564564564564564
465565.5655655656,0.2758958958958959,0.13794794794794796,1,0.9139139139139139,0.9569569569569569
465965.965965966,0.2761761761761762,0.1380880880880881,0,0.914914914914915,0.9574574574574575
466366.3663663664,0.27645645645645645,0.13822822822822822,1,0.9159159159159159,0.957957957957958
466766.7667667668,0.2767367367367367,0.13836836836836836,0,0.9169169169169169,0.9584584584584585
467167.1671671672,0.27701701701701703,0.13850850850850852,1,0.9179179179179179,0.9589589589589589
467567.5675675676,0.2772972972972973,0.13864864864864865,0,0.9189189189189189,0.9594594594594594
467967.96796796797,0.27757757757757756,0.13878878878878878,1,0.91991991991992,0.95995995995996
468368.3683683684,0.2778578578578579,0.13892892892892894,0,0.9209209209209209,0.9604604604604605
468768.7687687688,0.27813813813813815,0.13906906906906907,1,0.9219219219219219,0.960960960960961
469169.1691691692,0.2784184184184184,0.1392092092092092,0,0.9229229229229229,0.9614614614614614
469569.5695695696,0.2786986986986987,0.13934934934934934,1,0.9239239239239239,0.9619619619619619
469969.96996997,0.278978978978979,0.1394894894894895,0,0.924924924924925,0.9624624624624625
470370.3703703704,0.27925925925925926,0.13962962962962963,1,0.9259259259259259,0.962962962962963
470770.7707707708,0.2795395395395395,0.13976976976976976,0,0.9269269269269269,0.9634634634634635
471171.1711711712,0.2798198198198198,0.1399099099099099,1,0.9279279279279279,0.9639639639639639
471571.5715715716,0.2801001001001001,0.14005005005005006,0,0.9289289289289289,0.9644644644644644
471971.971971972,0.2803803803803804,0.1401901901901902,1,0.92992992992993,0.964964964964965
472372.3723723724,0.28066066066066064,0.14033033033033032,0,0.9309309309309309,0.9654654654654655
472772.7727727728,0.28094094094094096,0.14047047047047048,1,0.9319319319319319,0.965965965965966
473173.1731731732,0.28122122122122123,0.14061061061061061,0,0.9329329329329329,0.9664664664664664
473573.5735735736,0.2815015015015015,0.14075075075075075,1,0.933933933933934,0.9669669669669669
473973.973973974,0.28178178178178176,0.14089089089089088,0,0.934934934934935,0.9674674674674675
474374.3743743744,0.2820620620620621,0.14103103103103104,1,0.9359359359359359,0.967967967967968
474774.7747747748,0.28234234234234235,0.14117117117117117,0,0.9369369369369369,0.9684684684684685
475175.1751751752,0.2826226226226226,0.1413113113113113,1,0.9379379379379379,0.9689689689689689
475575.5755755756,0.2829029029029029,0.14145145145145144,0,0.938938938938939,0.9694694694694694
475975.975975976,0.2831831831831832,0.1415915915915916,1,0.93993993993994,0.96996996996997
476376.37637637643,0.28346346346346346,0.14173173173173173,0,0.9409409409409409,0.9704704704704705
476776.7767767768,0.2837437437437437,0.14187187187187186,1,0.9419419419419419,0.970970970970971
477177.1771771772,0.28402402402402405,0.14201201201201202,0,0.9429429429429429,0.9714714714714714
477577.5775775776,0.2843043043043043,0.14215215215215216,1,0.943943943943944,0.9719719719719719
477977.977977978,0.2845845845845846,0.1422922922922923,0,0.944944944944945,0.9724724724724725
478378.3783783784,0.28486486486486484,0.14243243243243242,1,0.9459459459459459,0.972972972972973
478778.7787787788,0.28514514514514516,0.14257257257257258,0,0.9469469469469469,0.9734734734734735
479179.1791791792,0.2854254254254254,0.1427127127127127,1,0.9479479479479479,0.9739739739739739
479579.5795795796,0.2857057057057057,0.14285285285285285,0,0.948948948948949,0.9744744744744744
479979.97997998,0.28598598598598596,0.14299299299299298,1,0.94994994994995,0.974974974974975
480380.38038038043,0.2862662662662663,0.14313313313313314,0,0.950950950950951,0.9754754754754755
480780.7807807808,0.28654654654654654,0.14327327327327327,1,0.9519519519519519,0.975975975975976
481181.1811811812,0.2868268268268268,0.1434134134134134,0,0.9529529529529529,0.9764764764764764
481581.5815815816,0.28710710710710713,0.14355355355355356,1,0.953953953953954,0.9769769769769769
481981.981981982,0.2873873873873874,0.1436936936936937,0,0.954954954954955,0.9774774774774775
482382.3823823824,0.28766766766766766,0.14383383383383383,1,0.955955955955956,0.977977977977978
482782.7827827828,0.2879479479479479,0.14397397397397396,0,0.9569569569569569,0.9784784784784785
483183.1831831832,0.28822822822822824,0.14411411411411412,1,0.9579579579579579,0.9789789789789789
483583.5835835836,0.2885085085085085,0.14425425425425425,0,0.958958958958959,0.9794794794794794
483983.983983984,0.2887887887887888,0.1443943943943944,1,0.95995995995996,0.97997997997998
484384.38438438444,0.28906906906906904,0.14453453453453452,0,0.960960960960961,0.9804804804804805
484784.78478478483,0.28934934934934936,0.14467467467467468,1,0.9619619619619619,0.980980980980981
485185.1851851852,0.2896296296296296,0.1448148148148148,0,0.9629629629629629,0.9814814814814814
485585.5855855856,0.2899099099099099,0.14495495495495495,1,0.963963963963964,0.9819819819819819
485985.985985986,0.2901901901901902,0.1450950950950951,0,0.964964964964965,0.9824824824824825
486386.3863863864,0.2904704704704705,0.14523523523523524,1,0.965965965965966,0.982982982982983
486786.7867867868,0.29075075075075074,0.14537537537537537,0,0.9669669669669669,0.9834834834834835
487187.1871871872,0.291031031031031,0.1455155155155155,1,0.9679679679679679,0.9839839839839839
487587.5875875876,0.2913113113113113,0.14565565565565566,0,0.968968968968969,0.9844844844844844
487987.987987988,0.2915915915915916,0.1457957957957958,1,0.96996996996997,0.984984984984985
488388.38838838844,0.29187187187187186,0.14593593593593593,0,0.970970970970971,0.9854854854854855
488788.78878878884,0.2921521521521522,0.1460760760760761,1,0.9719719719719719,0.985985985985986
489189.18918918923,0.29243243243243244,0.14621621621621622,0,0.9729729729729729,0.9864864864864864
489589.5895895896,0.2927127127127127,0.14635635635635635,1,0.973973973973974,0.986986986986987
489989.98998999,0.292992992992993,0.1464964964964965,0,0.974974974974975,0.9874874874874875
490390.3903903904,0.2932732732732733,0.14663663663663665,1,0.975975975975976,0.987987987987988
490790.7907907908,0.29355355355355356,0.14677677677677678,0,0.9769769769769769,0.9884884884884885
491191.1911911912,0.2938338338338338,0.1469169169169169,1,0.9779779779779779,0.9889889889889889
491591.5915915916,0.2941141141141141,0.14705705705705704,0,0.978978978978979,0.9894894894894894
491991.991991992,0.2943943943943944,0.1471971971971972,1,0.97997997997998,0.98998998998999
492392.39239239244,0.2946746746746747,0.14733733733733734,0,0.980980980980981,0.9904904904904905
492792.79279279284,0.29495495495495494,0.14747747747747747,1,0.9819819819819819,0.990990990990991
493193.19319319323,0.29523523523523526,0.14761761761761763,0,0.9829829829829829,0.9914914914914914
493593.5935935936,0.2955155155155155,0.14775775775775776,1,0.983983983983984,0.991991991991992
493993.993993994,0.2957957957957958,0.1478978978978979,0,0.984984984984985,0.9924924924924925
494394.3943943944,0.29607607607607606,0.14803803803803803,1,0.985985985985986,0.992992992992993
494794.7947947948,0.2963563563563564,0.1481781781781782,0,0.986986986986987,0.9934934934934935
495195.1951951952,0.29663663663663664,0.14831831831831832,1,0.9879879879879879,0.9939939939939939
495595.5955955956,0.2969169169169169,0.14845845845845845,0,0.988988988988989,0.9944944944944945
495995.995995996,0.29719719719719717,0.14859859859859859,1,0.98998998998999,0.994994994994995
496396.39639639645,0.2974774774774775,0.14873873873873875,0,0.990990990990991,0.9954954954954955
496796.79679679684,0.29775775775775776,0.14887887887887888,1,0.991991991991992,0.995995995995996
497197.19719719724,0.298038038038038,0.149019019019019,0,0.992992992992993,0.9964964964964965
497597.59759759763,0.29831831831831834,0.14915915915915917,1,0.993993993993994,0.996996996996997
497997.997997998,0.2985985985985986,0.1492992992992993,0,0.994994994994995,0.9974974974974975
498398.3983983984,0.2988788788788789,0.14943943943943944,1,0.995995995995996,0.997997997997998
498798.7987987988,0.29915915915915914,0.14957957957957957,0,0.996996996996997,0.9984984984984985
499199.1991991992,0.29943943943943946,0.14971971971971973,1,0.997997997997998,0.998998998998999
499599.5995995996,0.2997197197197197,0.14985985985985986,0,0.998998998998999,0.9994994994994995
500000.0,0.3,0.15,1,1.0,1.0
